file_path,label
/content/CREMA-D/Anger/1001_MTI_ANG_XX.flv,Anger
/content/CREMA-D/Anger/1076_IWL_ANG_XX.flv,Anger
/content/CREMA-D/Anger/1077_TAI_ANG_XX.flv,Anger
/content/CREMA-D/Anger/1010_IWW_ANG_XX.flv,Anger
/content/CREMA-D/Anger/1036_IOM_ANG_XX.flv,Anger
/content/CREMA-D/Anger/1068_DFA_ANG_XX.flv,Anger
/content/CREMA-D/Anger/1070_IEO_ANG_HI.flv,Anger
/content/CREMA-D/Anger/1011_IEO_ANG_HI.flv,Anger
/content/CREMA-D/Anger/1024_IEO_ANG_MD.flv,Anger
/content/CREMA-D/Anger/1075_ITS_ANG_XX.flv,Anger
/content/CREMA-D/Anger/1064_TSI_ANG_XX.flv,Anger
/content/CREMA-D/Anger/1082_WSI_ANG_XX.flv,Anger
/content/CREMA-D/Anger/1011_IWW_ANG_XX.flv,Anger
/content/CREMA-D/Anger/1074_IOM_ANG_XX.flv,Anger
/content/CREMA-D/Anger/1009_IEO_ANG_MD.flv,Anger
/content/CREMA-D/Anger/1057_TIE_ANG_XX.flv,Anger
/content/CREMA-D/Anger/1025_IWL_ANG_XX.flv,Anger
/content/CREMA-D/Anger/1016_IEO_ANG_LO.flv,Anger
/content/CREMA-D/Anger/1057_TSI_ANG_XX.flv,Anger
/content/CREMA-D/Anger/1052_TAI_ANG_XX.flv,Anger
/content/CREMA-D/Anger/1055_DFA_ANG_XX.flv,Anger
/content/CREMA-D/Anger/1044_WSI_ANG_XX.flv,Anger
/content/CREMA-D/Anger/1001_IOM_ANG_XX.flv,Anger
/content/CREMA-D/Anger/1078_DFA_ANG_XX.flv,Anger
/content/CREMA-D/Anger/1074_ITS_ANG_XX.flv,Anger
/content/CREMA-D/Anger/1006_IWL_ANG_XX.flv,Anger
/content/CREMA-D/Anger/1025_TAI_ANG_XX.flv,Anger
/content/CREMA-D/Anger/1057_IEO_ANG_LO.flv,Anger
/content/CREMA-D/Anger/1020_IEO_ANG_HI.flv,Anger
/content/CREMA-D/Anger/1025_IWW_ANG_XX.flv,Anger
/content/CREMA-D/Anger/1091_IWL_ANG_XX.flv,Anger
/content/CREMA-D/Anger/1083_IWL_ANG_XX.flv,Anger
/content/CREMA-D/Anger/1003_WSI_ANG_XX.flv,Anger
/content/CREMA-D/Anger/1078_TSI_ANG_XX.flv,Anger
/content/CREMA-D/Anger/1053_IWL_ANG_XX.flv,Anger
/content/CREMA-D/Anger/1051_IWL_ANG_XX.flv,Anger
/content/CREMA-D/Anger/1005_MTI_ANG_XX.flv,Anger
/content/CREMA-D/Anger/1041_TIE_ANG_XX.flv,Anger
/content/CREMA-D/Anger/1090_TAI_ANG_XX.flv,Anger
/content/CREMA-D/Anger/1027_TIE_ANG_XX.flv,Anger
/content/CREMA-D/Anger/1061_IWW_ANG_XX.flv,Anger
/content/CREMA-D/Anger/1016_TSI_ANG_XX.flv,Anger
/content/CREMA-D/Anger/1080_ITH_ANG_XX.flv,Anger
/content/CREMA-D/Anger/1021_ITS_ANG_XX.flv,Anger
/content/CREMA-D/Anger/1082_IWW_ANG_XX.flv,Anger
/content/CREMA-D/Anger/1018_IWW_ANG_XX.flv,Anger
/content/CREMA-D/Anger/1017_IEO_ANG_LO.flv,Anger
/content/CREMA-D/Anger/1035_IEO_ANG_MD.flv,Anger
/content/CREMA-D/Anger/1067_IEO_ANG_LO.flv,Anger
/content/CREMA-D/Anger/1090_WSI_ANG_XX.flv,Anger
/content/CREMA-D/Anger/1087_TAI_ANG_XX.flv,Anger
/content/CREMA-D/Anger/1042_IWL_ANG_XX.flv,Anger
/content/CREMA-D/Anger/1087_IEO_ANG_HI.flv,Anger
/content/CREMA-D/Anger/1091_IEO_ANG_HI.flv,Anger
/content/CREMA-D/Anger/1013_ITS_ANG_XX.flv,Anger
/content/CREMA-D/Anger/1080_IWL_ANG_XX.flv,Anger
/content/CREMA-D/Anger/1010_DFA_ANG_XX.flv,Anger
/content/CREMA-D/Anger/1016_ITS_ANG_XX.flv,Anger
/content/CREMA-D/Anger/1063_IWW_ANG_XX.flv,Anger
/content/CREMA-D/Anger/1007_WSI_ANG_XX.flv,Anger
/content/CREMA-D/Anger/1052_IWW_ANG_XX.flv,Anger
/content/CREMA-D/Anger/1010_MTI_ANG_XX.flv,Anger
/content/CREMA-D/Anger/1005_ITS_ANG_XX.flv,Anger
/content/CREMA-D/Anger/1036_ITH_ANG_XX.flv,Anger
/content/CREMA-D/Anger/1053_TIE_ANG_XX.flv,Anger
/content/CREMA-D/Anger/1038_IOM_ANG_XX.flv,Anger
/content/CREMA-D/Anger/1063_IOM_ANG_XX.flv,Anger
/content/CREMA-D/Anger/1023_ITS_ANG_XX.flv,Anger
/content/CREMA-D/Anger/1060_WSI_ANG_XX.flv,Anger
/content/CREMA-D/Anger/1040_IWW_ANG_XX.flv,Anger
/content/CREMA-D/Anger/1016_ITH_ANG_XX.flv,Anger
/content/CREMA-D/Anger/1044_IEO_ANG_MD.flv,Anger
/content/CREMA-D/Anger/1031_ITS_ANG_XX.flv,Anger
/content/CREMA-D/Anger/1066_MTI_ANG_XX.flv,Anger
/content/CREMA-D/Anger/1063_IEO_ANG_LO.flv,Anger
/content/CREMA-D/Anger/1020_IOM_ANG_XX.flv,Anger
/content/CREMA-D/Anger/1087_DFA_ANG_XX.flv,Anger
/content/CREMA-D/Anger/1019_DFA_ANG_XX.flv,Anger
/content/CREMA-D/Anger/1052_WSI_ANG_XX.flv,Anger
/content/CREMA-D/Anger/1065_ITS_ANG_XX.flv,Anger
/content/CREMA-D/Anger/1085_TIE_ANG_XX.flv,Anger
/content/CREMA-D/Anger/1070_TAI_ANG_XX.flv,Anger
/content/CREMA-D/Anger/1009_IWW_ANG_XX.flv,Anger
/content/CREMA-D/Anger/1002_IEO_ANG_LO.flv,Anger
/content/CREMA-D/Anger/1042_TAI_ANG_XX.flv,Anger
/content/CREMA-D/Anger/1084_ITH_ANG_XX.flv,Anger
/content/CREMA-D/Anger/1073_IWL_ANG_XX.flv,Anger
/content/CREMA-D/Anger/1067_IEO_ANG_MD.flv,Anger
/content/CREMA-D/Anger/1003_IOM_ANG_XX.flv,Anger
/content/CREMA-D/Anger/1046_WSI_ANG_XX.flv,Anger
/content/CREMA-D/Anger/1083_ITH_ANG_XX.flv,Anger
/content/CREMA-D/Anger/1067_WSI_ANG_XX.flv,Anger
/content/CREMA-D/Anger/1004_ITS_ANG_XX.flv,Anger
/content/CREMA-D/Anger/1035_TAI_ANG_XX.flv,Anger
/content/CREMA-D/Anger/1060_IWL_ANG_XX.flv,Anger
/content/CREMA-D/Anger/1011_ITH_ANG_XX.flv,Anger
/content/CREMA-D/Anger/1064_ITH_ANG_XX.flv,Anger
/content/CREMA-D/Anger/1062_TSI_ANG_XX.flv,Anger
/content/CREMA-D/Anger/1045_IEO_ANG_MD.flv,Anger
/content/CREMA-D/Anger/1080_IEO_ANG_MD.flv,Anger
/content/CREMA-D/Anger/1003_ITS_ANG_XX.flv,Anger
/content/CREMA-D/Anger/1027_ITS_ANG_XX.flv,Anger
/content/CREMA-D/Anger/1008_TIE_ANG_XX.flv,Anger
/content/CREMA-D/Anger/1030_IOM_ANG_XX.flv,Anger
/content/CREMA-D/Anger/1033_IEO_ANG_LO.flv,Anger
/content/CREMA-D/Anger/1086_DFA_ANG_XX.flv,Anger
/content/CREMA-D/Anger/1071_TSI_ANG_XX.flv,Anger
/content/CREMA-D/Anger/1059_TIE_ANG_XX.flv,Anger
/content/CREMA-D/Anger/1044_ITH_ANG_XX.flv,Anger
/content/CREMA-D/Anger/1065_IEO_ANG_LO.flv,Anger
/content/CREMA-D/Anger/1007_TAI_ANG_XX.flv,Anger
/content/CREMA-D/Anger/1055_ITH_ANG_XX.flv,Anger
/content/CREMA-D/Anger/1085_WSI_ANG_XX.flv,Anger
/content/CREMA-D/Anger/1072_IWL_ANG_XX.flv,Anger
/content/CREMA-D/Anger/1018_IOM_ANG_XX.flv,Anger
/content/CREMA-D/Anger/1037_WSI_ANG_XX.flv,Anger
/content/CREMA-D/Anger/1026_TSI_ANG_XX.flv,Anger
/content/CREMA-D/Anger/1047_ITH_ANG_XX.flv,Anger
/content/CREMA-D/Anger/1059_IEO_ANG_HI.flv,Anger
/content/CREMA-D/Anger/1061_TIE_ANG_XX.flv,Anger
/content/CREMA-D/Anger/1058_IWW_ANG_XX.flv,Anger
/content/CREMA-D/Anger/1076_TIE_ANG_XX.flv,Anger
/content/CREMA-D/Anger/1030_DFA_ANG_XX.flv,Anger
/content/CREMA-D/Anger/1026_IWW_ANG_XX.flv,Anger
/content/CREMA-D/Anger/1064_WSI_ANG_XX.flv,Anger
/content/CREMA-D/Anger/1017_MTI_ANG_XX.flv,Anger
/content/CREMA-D/Anger/1057_IOM_ANG_XX.flv,Anger
/content/CREMA-D/Anger/1005_IWW_ANG_XX.flv,Anger
/content/CREMA-D/Anger/1053_IWW_ANG_XX.flv,Anger
/content/CREMA-D/Anger/1017_IWW_ANG_XX.flv,Anger
/content/CREMA-D/Anger/1024_DFA_ANG_XX.flv,Anger
/content/CREMA-D/Anger/1057_IEO_ANG_HI.flv,Anger
/content/CREMA-D/Anger/1048_TIE_ANG_XX.flv,Anger
/content/CREMA-D/Anger/1060_IOM_ANG_XX.flv,Anger
/content/CREMA-D/Anger/1081_ITH_ANG_XX.flv,Anger
/content/CREMA-D/Anger/1054_ITS_ANG_XX.flv,Anger
/content/CREMA-D/Anger/1015_IWW_ANG_XX.flv,Anger
/content/CREMA-D/Anger/1082_IEO_ANG_MD.flv,Anger
/content/CREMA-D/Anger/1055_TSI_ANG_XX.flv,Anger
/content/CREMA-D/Anger/1075_IEO_ANG_LO.flv,Anger
/content/CREMA-D/Anger/1008_TSI_ANG_XX.flv,Anger
/content/CREMA-D/Anger/1029_TIE_ANG_XX.flv,Anger
/content/CREMA-D/Anger/1032_ITS_ANG_XX.flv,Anger
/content/CREMA-D/Anger/1086_WSI_ANG_XX.flv,Anger
/content/CREMA-D/Anger/1046_MTI_ANG_XX.flv,Anger
/content/CREMA-D/Anger/1082_ITS_ANG_XX.flv,Anger
/content/CREMA-D/Anger/1058_MTI_ANG_XX.flv,Anger
/content/CREMA-D/Anger/1024_WSI_ANG_XX.flv,Anger
/content/CREMA-D/Anger/1059_ITH_ANG_XX.flv,Anger
/content/CREMA-D/Anger/1074_MTI_ANG_XX.flv,Anger
/content/CREMA-D/Anger/1090_MTI_ANG_XX.flv,Anger
/content/CREMA-D/Anger/1072_IEO_ANG_MD.flv,Anger
/content/CREMA-D/Anger/1089_TIE_ANG_XX.flv,Anger
/content/CREMA-D/Anger/1074_DFA_ANG_XX.flv,Anger
/content/CREMA-D/Anger/1008_IEO_ANG_LO.flv,Anger
/content/CREMA-D/Anger/1012_IOM_ANG_XX.flv,Anger
/content/CREMA-D/Anger/1019_IOM_ANG_XX.flv,Anger
/content/CREMA-D/Anger/1005_DFA_ANG_XX.flv,Anger
/content/CREMA-D/Anger/1035_TIE_ANG_XX.flv,Anger
/content/CREMA-D/Anger/1044_TSI_ANG_XX.flv,Anger
/content/CREMA-D/Anger/1031_WSI_ANG_XX.flv,Anger
/content/CREMA-D/Anger/1021_ITH_ANG_XX.flv,Anger
/content/CREMA-D/Anger/1002_TIE_ANG_XX.flv,Anger
/content/CREMA-D/Anger/1049_TIE_ANG_XX.flv,Anger
/content/CREMA-D/Anger/1033_IOM_ANG_XX.flv,Anger
/content/CREMA-D/Anger/1037_ITH_ANG_XX.flv,Anger
/content/CREMA-D/Anger/1023_ITH_ANG_XX.flv,Anger
/content/CREMA-D/Anger/1072_IEO_ANG_LO.flv,Anger
/content/CREMA-D/Anger/1043_WSI_ANG_XX.flv,Anger
/content/CREMA-D/Anger/1013_WSI_ANG_XX.flv,Anger
/content/CREMA-D/Anger/1029_IEO_ANG_HI.flv,Anger
/content/CREMA-D/Anger/1035_IWW_ANG_XX.flv,Anger
/content/CREMA-D/Anger/1013_IEO_ANG_HI.flv,Anger
/content/CREMA-D/Anger/1085_ITS_ANG_XX.flv,Anger
/content/CREMA-D/Anger/1080_IEO_ANG_HI.flv,Anger
/content/CREMA-D/Anger/1065_IEO_ANG_MD.flv,Anger
/content/CREMA-D/Anger/1012_ITS_ANG_XX.flv,Anger
/content/CREMA-D/Anger/1021_IEO_ANG_LO.flv,Anger
/content/CREMA-D/Anger/1081_TAI_ANG_XX.flv,Anger
/content/CREMA-D/Anger/1077_IOM_ANG_XX.flv,Anger
/content/CREMA-D/Anger/1023_IWL_ANG_XX.flv,Anger
/content/CREMA-D/Anger/1035_MTI_ANG_XX.flv,Anger
/content/CREMA-D/Anger/1019_ITS_ANG_XX.flv,Anger
/content/CREMA-D/Anger/1021_MTI_ANG_XX.flv,Anger
/content/CREMA-D/Anger/1028_MTI_ANG_XX.flv,Anger
/content/CREMA-D/Anger/1087_IWL_ANG_XX.flv,Anger
/content/CREMA-D/Anger/1069_TAI_ANG_XX.flv,Anger
/content/CREMA-D/Anger/1070_MTI_ANG_XX.flv,Anger
/content/CREMA-D/Anger/1016_DFA_ANG_XX.flv,Anger
/content/CREMA-D/Anger/1067_ITH_ANG_XX.flv,Anger
/content/CREMA-D/Anger/1064_TAI_ANG_XX.flv,Anger
/content/CREMA-D/Anger/1088_MTI_ANG_XX.flv,Anger
/content/CREMA-D/Anger/1028_TIE_ANG_XX.flv,Anger
/content/CREMA-D/Anger/1035_IOM_ANG_XX.flv,Anger
/content/CREMA-D/Anger/1065_TSI_ANG_XX.flv,Anger
/content/CREMA-D/Anger/1034_DFA_ANG_XX.flv,Anger
/content/CREMA-D/Anger/1067_DFA_ANG_XX.flv,Anger
/content/CREMA-D/Anger/1037_IOM_ANG_XX.flv,Anger
/content/CREMA-D/Anger/1043_TAI_ANG_XX.flv,Anger
/content/CREMA-D/Anger/1080_DFA_ANG_XX.flv,Anger
/content/CREMA-D/Anger/1064_IEO_ANG_LO.flv,Anger
/content/CREMA-D/Anger/1050_TSI_ANG_XX.flv,Anger
/content/CREMA-D/Anger/1014_TAI_ANG_XX.flv,Anger
/content/CREMA-D/Anger/1071_DFA_ANG_XX.flv,Anger
/content/CREMA-D/Anger/1070_IEO_ANG_MD.flv,Anger
/content/CREMA-D/Anger/1036_DFA_ANG_XX.flv,Anger
/content/CREMA-D/Anger/1032_WSI_ANG_XX.flv,Anger
/content/CREMA-D/Anger/1045_TAI_ANG_XX.flv,Anger
/content/CREMA-D/Anger/1076_DFA_ANG_XX.flv,Anger
/content/CREMA-D/Anger/1015_IEO_ANG_MD.flv,Anger
/content/CREMA-D/Anger/1063_TSI_ANG_XX.flv,Anger
/content/CREMA-D/Anger/1015_ITH_ANG_XX.flv,Anger
/content/CREMA-D/Anger/1014_IEO_ANG_MD.flv,Anger
/content/CREMA-D/Anger/1010_IEO_ANG_LO.flv,Anger
/content/CREMA-D/Anger/1086_ITH_ANG_XX.flv,Anger
/content/CREMA-D/Anger/1066_WSI_ANG_XX.flv,Anger
/content/CREMA-D/Anger/1012_IEO_ANG_MD.flv,Anger
/content/CREMA-D/Anger/1005_IEO_ANG_MD.flv,Anger
/content/CREMA-D/Anger/1087_TIE_ANG_XX.flv,Anger
/content/CREMA-D/Anger/1011_DFA_ANG_XX.flv,Anger
/content/CREMA-D/Anger/1009_IEO_ANG_HI.flv,Anger
/content/CREMA-D/Anger/1015_IEO_ANG_LO.flv,Anger
/content/CREMA-D/Anger/1003_TIE_ANG_XX.flv,Anger
/content/CREMA-D/Anger/1040_TSI_ANG_XX.flv,Anger
/content/CREMA-D/Anger/1014_IEO_ANG_HI.flv,Anger
/content/CREMA-D/Anger/1007_IEO_ANG_LO.flv,Anger
/content/CREMA-D/Anger/1083_ITS_ANG_XX.flv,Anger
/content/CREMA-D/Anger/1080_IWW_ANG_XX.flv,Anger
/content/CREMA-D/Anger/1005_IWL_ANG_XX.flv,Anger
/content/CREMA-D/Anger/1041_IEO_ANG_LO.flv,Anger
/content/CREMA-D/Anger/1022_TSI_ANG_XX.flv,Anger
/content/CREMA-D/Anger/1064_IWL_ANG_XX.flv,Anger
/content/CREMA-D/Anger/1040_MTI_ANG_XX.flv,Anger
/content/CREMA-D/Anger/1043_TIE_ANG_XX.flv,Anger
/content/CREMA-D/Anger/1073_WSI_ANG_XX.flv,Anger
/content/CREMA-D/Anger/1008_IEO_ANG_MD.flv,Anger
/content/CREMA-D/Anger/1069_MTI_ANG_XX.flv,Anger
/content/CREMA-D/Anger/1044_IWL_ANG_XX.flv,Anger
/content/CREMA-D/Anger/1033_ITH_ANG_XX.flv,Anger
/content/CREMA-D/Anger/1072_WSI_ANG_XX.flv,Anger
/content/CREMA-D/Anger/1069_IOM_ANG_XX.flv,Anger
/content/CREMA-D/Anger/1039_DFA_ANG_XX.flv,Anger
/content/CREMA-D/Anger/1036_IEO_ANG_LO.flv,Anger
/content/CREMA-D/Anger/1030_TIE_ANG_XX.flv,Anger
/content/CREMA-D/Anger/1061_TSI_ANG_XX.flv,Anger
/content/CREMA-D/Anger/1042_IEO_ANG_MD.flv,Anger
/content/CREMA-D/Anger/1051_ITS_ANG_XX.flv,Anger
/content/CREMA-D/Anger/1050_TIE_ANG_XX.flv,Anger
/content/CREMA-D/Anger/1011_IWL_ANG_XX.flv,Anger
/content/CREMA-D/Anger/1022_ITH_ANG_XX.flv,Anger
/content/CREMA-D/Anger/1050_IWW_ANG_XX.flv,Anger
/content/CREMA-D/Anger/1018_DFA_ANG_XX.flv,Anger
/content/CREMA-D/Anger/1061_IOM_ANG_XX.flv,Anger
/content/CREMA-D/Anger/1034_IOM_ANG_XX.flv,Anger
/content/CREMA-D/Anger/1077_TSI_ANG_XX.flv,Anger
/content/CREMA-D/Anger/1025_ITS_ANG_XX.flv,Anger
/content/CREMA-D/Anger/1057_IWL_ANG_XX.flv,Anger
/content/CREMA-D/Anger/1080_IEO_ANG_LO.flv,Anger
/content/CREMA-D/Anger/1079_IWL_ANG_XX.flv,Anger
/content/CREMA-D/Anger/1064_DFA_ANG_XX.flv,Anger
/content/CREMA-D/Anger/1054_IEO_ANG_MD.flv,Anger
/content/CREMA-D/Anger/1071_IWL_ANG_XX.flv,Anger
/content/CREMA-D/Anger/1073_MTI_ANG_XX.flv,Anger
/content/CREMA-D/Anger/1038_ITS_ANG_XX.flv,Anger
/content/CREMA-D/Anger/1089_IEO_ANG_LO.flv,Anger
/content/CREMA-D/Anger/1023_IEO_ANG_HI.flv,Anger
/content/CREMA-D/Anger/1085_IWL_ANG_XX.flv,Anger
/content/CREMA-D/Anger/1042_MTI_ANG_XX.flv,Anger
/content/CREMA-D/Anger/1039_TIE_ANG_XX.flv,Anger
/content/CREMA-D/Anger/1011_IEO_ANG_MD.flv,Anger
/content/CREMA-D/Anger/1043_ITH_ANG_XX.flv,Anger
/content/CREMA-D/Anger/1059_MTI_ANG_XX.flv,Anger
/content/CREMA-D/Anger/1045_IOM_ANG_XX.flv,Anger
/content/CREMA-D/Anger/1079_IEO_ANG_HI.flv,Anger
/content/CREMA-D/Anger/1003_IEO_ANG_MD.flv,Anger
/content/CREMA-D/Anger/1032_TSI_ANG_XX.flv,Anger
/content/CREMA-D/Anger/1063_DFA_ANG_XX.flv,Anger
/content/CREMA-D/Anger/1075_IWL_ANG_XX.flv,Anger
/content/CREMA-D/Anger/1024_IWW_ANG_XX.flv,Anger
/content/CREMA-D/Anger/1054_IWW_ANG_XX.flv,Anger
/content/CREMA-D/Anger/1071_ITS_ANG_XX.flv,Anger
/content/CREMA-D/Anger/1038_TSI_ANG_XX.flv,Anger
/content/CREMA-D/Anger/1088_WSI_ANG_XX.flv,Anger
/content/CREMA-D/Anger/1053_IEO_ANG_HI.flv,Anger
/content/CREMA-D/Anger/1021_DFA_ANG_XX.flv,Anger
/content/CREMA-D/Anger/1075_MTI_ANG_XX.flv,Anger
/content/CREMA-D/Anger/1034_TAI_ANG_XX.flv,Anger
/content/CREMA-D/Anger/1016_IWW_ANG_XX.flv,Anger
/content/CREMA-D/Anger/1059_IWL_ANG_XX.flv,Anger
/content/CREMA-D/Anger/1037_TAI_ANG_XX.flv,Anger
/content/CREMA-D/Anger/1066_IWL_ANG_XX.flv,Anger
/content/CREMA-D/Anger/1005_ITH_ANG_XX.flv,Anger
/content/CREMA-D/Anger/1052_ITH_ANG_XX.flv,Anger
/content/CREMA-D/Anger/1004_ITH_ANG_XX.flv,Anger
/content/CREMA-D/Anger/1066_ITS_ANG_XX.flv,Anger
/content/CREMA-D/Anger/1061_IEO_ANG_MD.flv,Anger
/content/CREMA-D/Anger/1031_TAI_ANG_XX.flv,Anger
/content/CREMA-D/Anger/1011_IOM_ANG_XX.flv,Anger
/content/CREMA-D/Anger/1039_MTI_ANG_XX.flv,Anger
/content/CREMA-D/Anger/1009_WSI_ANG_XX.flv,Anger
/content/CREMA-D/Anger/1011_WSI_ANG_XX.flv,Anger
/content/CREMA-D/Anger/1054_TIE_ANG_XX.flv,Anger
/content/CREMA-D/Anger/1001_ITH_ANG_XX.flv,Anger
/content/CREMA-D/Anger/1029_IEO_ANG_MD.flv,Anger
/content/CREMA-D/Anger/1011_ITS_ANG_XX.flv,Anger
/content/CREMA-D/Anger/1009_TAI_ANG_XX.flv,Anger
/content/CREMA-D/Anger/1016_IEO_ANG_HI.flv,Anger
/content/CREMA-D/Anger/1008_MTI_ANG_XX.flv,Anger
/content/CREMA-D/Anger/1001_IEO_ANG_LO.flv,Anger
/content/CREMA-D/Anger/1036_TAI_ANG_XX.flv,Anger
/content/CREMA-D/Anger/1038_ITH_ANG_XX.flv,Anger
/content/CREMA-D/Anger/1056_ITH_ANG_XX.flv,Anger
/content/CREMA-D/Anger/1072_DFA_ANG_XX.flv,Anger
/content/CREMA-D/Anger/1074_WSI_ANG_XX.flv,Anger
/content/CREMA-D/Anger/1033_TAI_ANG_XX.flv,Anger
/content/CREMA-D/Anger/1076_WSI_ANG_XX.flv,Anger
/content/CREMA-D/Anger/1009_TSI_ANG_XX.flv,Anger
/content/CREMA-D/Anger/1028_IWL_ANG_XX.flv,Anger
/content/CREMA-D/Disgust/1091_IEO_DIS_LO.flv,Disgust
/content/CREMA-D/Disgust/1002_IWL_DIS_XX.flv,Disgust
/content/CREMA-D/Disgust/1011_MTI_DIS_XX.flv,Disgust
/content/CREMA-D/Disgust/1060_ITH_DIS_XX.flv,Disgust
/content/CREMA-D/Disgust/1023_TSI_DIS_XX.flv,Disgust
/content/CREMA-D/Disgust/1061_ITH_DIS_XX.flv,Disgust
/content/CREMA-D/Disgust/1012_IEO_DIS_HI.flv,Disgust
/content/CREMA-D/Disgust/1070_MTI_DIS_XX.flv,Disgust
/content/CREMA-D/Disgust/1083_ITS_DIS_XX.flv,Disgust
/content/CREMA-D/Disgust/1004_IWW_DIS_XX.flv,Disgust
/content/CREMA-D/Disgust/1047_MTI_DIS_XX.flv,Disgust
/content/CREMA-D/Disgust/1045_IEO_DIS_MD.flv,Disgust
/content/CREMA-D/Disgust/1012_WSI_DIS_XX.flv,Disgust
/content/CREMA-D/Disgust/1050_MTI_DIS_XX.flv,Disgust
/content/CREMA-D/Disgust/1066_IWL_DIS_XX.flv,Disgust
/content/CREMA-D/Disgust/1042_TIE_DIS_XX.flv,Disgust
/content/CREMA-D/Disgust/1008_IWL_DIS_XX.flv,Disgust
/content/CREMA-D/Disgust/1064_TAI_DIS_XX.flv,Disgust
/content/CREMA-D/Disgust/1079_IEO_DIS_MD.flv,Disgust
/content/CREMA-D/Disgust/1056_ITH_DIS_XX.flv,Disgust
/content/CREMA-D/Disgust/1073_IEO_DIS_LO.flv,Disgust
/content/CREMA-D/Disgust/1059_IEO_DIS_HI.flv,Disgust
/content/CREMA-D/Disgust/1039_IEO_DIS_HI.flv,Disgust
/content/CREMA-D/Disgust/1089_ITS_DIS_XX.flv,Disgust
/content/CREMA-D/Disgust/1008_ITH_DIS_XX.flv,Disgust
/content/CREMA-D/Disgust/1071_TAI_DIS_XX.flv,Disgust
/content/CREMA-D/Disgust/1044_ITS_DIS_XX.flv,Disgust
/content/CREMA-D/Disgust/1044_TAI_DIS_XX.flv,Disgust
/content/CREMA-D/Disgust/1050_IEO_DIS_HI.flv,Disgust
/content/CREMA-D/Disgust/1030_IOM_DIS_XX.flv,Disgust
/content/CREMA-D/Disgust/1053_TSI_DIS_XX.flv,Disgust
/content/CREMA-D/Disgust/1089_DFA_DIS_XX.flv,Disgust
/content/CREMA-D/Disgust/1033_IEO_DIS_LO.flv,Disgust
/content/CREMA-D/Disgust/1012_TSI_DIS_XX.flv,Disgust
/content/CREMA-D/Disgust/1090_WSI_DIS_XX.flv,Disgust
/content/CREMA-D/Disgust/1031_IOM_DIS_XX.flv,Disgust
/content/CREMA-D/Disgust/1039_IWL_DIS_XX.flv,Disgust
/content/CREMA-D/Disgust/1008_MTI_DIS_XX.flv,Disgust
/content/CREMA-D/Disgust/1069_ITS_DIS_XX.flv,Disgust
/content/CREMA-D/Disgust/1084_TIE_DIS_XX.flv,Disgust
/content/CREMA-D/Disgust/1036_DFA_DIS_XX.flv,Disgust
/content/CREMA-D/Disgust/1004_WSI_DIS_XX.flv,Disgust
/content/CREMA-D/Disgust/1002_DFA_DIS_XX.flv,Disgust
/content/CREMA-D/Disgust/1026_MTI_DIS_XX.flv,Disgust
/content/CREMA-D/Disgust/1003_TIE_DIS_XX.flv,Disgust
/content/CREMA-D/Disgust/1072_IWW_DIS_XX.flv,Disgust
/content/CREMA-D/Disgust/1072_TIE_DIS_XX.flv,Disgust
/content/CREMA-D/Disgust/1016_IWL_DIS_XX.flv,Disgust
/content/CREMA-D/Disgust/1050_WSI_DIS_XX.flv,Disgust
/content/CREMA-D/Disgust/1032_IOM_DIS_XX.flv,Disgust
/content/CREMA-D/Disgust/1013_ITS_DIS_XX.flv,Disgust
/content/CREMA-D/Disgust/1046_TSI_DIS_XX.flv,Disgust
/content/CREMA-D/Disgust/1038_IWL_DIS_XX.flv,Disgust
/content/CREMA-D/Disgust/1011_ITH_DIS_XX.flv,Disgust
/content/CREMA-D/Disgust/1030_IWL_DIS_XX.flv,Disgust
/content/CREMA-D/Disgust/1087_IEO_DIS_HI.flv,Disgust
/content/CREMA-D/Disgust/1030_MTI_DIS_XX.flv,Disgust
/content/CREMA-D/Disgust/1005_DFA_DIS_XX.flv,Disgust
/content/CREMA-D/Disgust/1021_WSI_DIS_XX.flv,Disgust
/content/CREMA-D/Disgust/1037_IOM_DIS_XX.flv,Disgust
/content/CREMA-D/Disgust/1059_IEO_DIS_LO.flv,Disgust
/content/CREMA-D/Disgust/1001_TAI_DIS_XX.flv,Disgust
/content/CREMA-D/Disgust/1040_IEO_DIS_LO.flv,Disgust
/content/CREMA-D/Disgust/1072_IOM_DIS_XX.flv,Disgust
/content/CREMA-D/Disgust/1079_DFA_DIS_XX.flv,Disgust
/content/CREMA-D/Disgust/1011_ITS_DIS_XX.flv,Disgust
/content/CREMA-D/Disgust/1013_IOM_DIS_XX.flv,Disgust
/content/CREMA-D/Disgust/1042_ITH_DIS_XX.flv,Disgust
/content/CREMA-D/Disgust/1063_TAI_DIS_XX.flv,Disgust
/content/CREMA-D/Disgust/1082_WSI_DIS_XX.flv,Disgust
/content/CREMA-D/Disgust/1037_DFA_DIS_XX.flv,Disgust
/content/CREMA-D/Disgust/1088_IEO_DIS_HI.flv,Disgust
/content/CREMA-D/Disgust/1030_IWW_DIS_XX.flv,Disgust
/content/CREMA-D/Disgust/1076_WSI_DIS_XX.flv,Disgust
/content/CREMA-D/Disgust/1055_IEO_DIS_MD.flv,Disgust
/content/CREMA-D/Disgust/1045_IWL_DIS_XX.flv,Disgust
/content/CREMA-D/Disgust/1054_ITS_DIS_XX.flv,Disgust
/content/CREMA-D/Disgust/1018_IEO_DIS_MD.flv,Disgust
/content/CREMA-D/Disgust/1080_IEO_DIS_MD.flv,Disgust
/content/CREMA-D/Disgust/1069_ITH_DIS_XX.flv,Disgust
/content/CREMA-D/Disgust/1046_MTI_DIS_XX.flv,Disgust
/content/CREMA-D/Disgust/1059_ITH_DIS_XX.flv,Disgust
/content/CREMA-D/Disgust/1080_MTI_DIS_XX.flv,Disgust
/content/CREMA-D/Disgust/1023_IOM_DIS_XX.flv,Disgust
/content/CREMA-D/Disgust/1086_TIE_DIS_XX.flv,Disgust
/content/CREMA-D/Disgust/1071_TIE_DIS_XX.flv,Disgust
/content/CREMA-D/Disgust/1015_IEO_DIS_LO.flv,Disgust
/content/CREMA-D/Disgust/1014_MTI_DIS_XX.flv,Disgust
/content/CREMA-D/Disgust/1034_IOM_DIS_XX.flv,Disgust
/content/CREMA-D/Disgust/1051_TSI_DIS_XX.flv,Disgust
/content/CREMA-D/Disgust/1001_DFA_DIS_XX.flv,Disgust
/content/CREMA-D/Disgust/1031_ITS_DIS_XX.flv,Disgust
/content/CREMA-D/Disgust/1005_IEO_DIS_HI.flv,Disgust
/content/CREMA-D/Disgust/1073_ITS_DIS_XX.flv,Disgust
/content/CREMA-D/Disgust/1052_IEO_DIS_HI.flv,Disgust
/content/CREMA-D/Disgust/1071_TSI_DIS_XX.flv,Disgust
/content/CREMA-D/Disgust/1021_IOM_DIS_XX.flv,Disgust
/content/CREMA-D/Disgust/1024_IEO_DIS_LO.flv,Disgust
/content/CREMA-D/Disgust/1020_TAI_DIS_XX.flv,Disgust
/content/CREMA-D/Disgust/1089_ITH_DIS_XX.flv,Disgust
/content/CREMA-D/Disgust/1002_TSI_DIS_XX.flv,Disgust
/content/CREMA-D/Disgust/1008_IOM_DIS_XX.flv,Disgust
/content/CREMA-D/Disgust/1010_TIE_DIS_XX.flv,Disgust
/content/CREMA-D/Disgust/1070_TSI_DIS_XX.flv,Disgust
/content/CREMA-D/Disgust/1019_IEO_DIS_LO.flv,Disgust
/content/CREMA-D/Disgust/1045_WSI_DIS_XX.flv,Disgust
/content/CREMA-D/Disgust/1046_TIE_DIS_XX.flv,Disgust
/content/CREMA-D/Disgust/1044_WSI_DIS_XX.flv,Disgust
/content/CREMA-D/Disgust/1055_IWL_DIS_XX.flv,Disgust
/content/CREMA-D/Disgust/1033_IWW_DIS_XX.flv,Disgust
/content/CREMA-D/Disgust/1003_WSI_DIS_XX.flv,Disgust
/content/CREMA-D/Disgust/1089_TAI_DIS_XX.flv,Disgust
/content/CREMA-D/Disgust/1016_IEO_DIS_MD.flv,Disgust
/content/CREMA-D/Disgust/1003_IEO_DIS_LO.flv,Disgust
/content/CREMA-D/Disgust/1067_IWW_DIS_XX.flv,Disgust
/content/CREMA-D/Disgust/1032_TAI_DIS_XX.flv,Disgust
/content/CREMA-D/Disgust/1075_IEO_DIS_MD.flv,Disgust
/content/CREMA-D/Disgust/1039_ITH_DIS_XX.flv,Disgust
/content/CREMA-D/Disgust/1004_IOM_DIS_XX.flv,Disgust
/content/CREMA-D/Disgust/1003_IWL_DIS_XX.flv,Disgust
/content/CREMA-D/Disgust/1081_IEO_DIS_MD.flv,Disgust
/content/CREMA-D/Disgust/1010_DFA_DIS_XX.flv,Disgust
/content/CREMA-D/Disgust/1081_IWW_DIS_XX.flv,Disgust
/content/CREMA-D/Disgust/1086_DFA_DIS_XX.flv,Disgust
/content/CREMA-D/Disgust/1024_TIE_DIS_XX.flv,Disgust
/content/CREMA-D/Disgust/1088_TAI_DIS_XX.flv,Disgust
/content/CREMA-D/Disgust/1036_IEO_DIS_MD.flv,Disgust
/content/CREMA-D/Disgust/1002_ITH_DIS_XX.flv,Disgust
/content/CREMA-D/Disgust/1090_MTI_DIS_XX.flv,Disgust
/content/CREMA-D/Disgust/1072_TSI_DIS_XX.flv,Disgust
/content/CREMA-D/Disgust/1059_IWW_DIS_XX.flv,Disgust
/content/CREMA-D/Disgust/1007_ITH_DIS_XX.flv,Disgust
/content/CREMA-D/Disgust/1019_IWW_DIS_XX.flv,Disgust
/content/CREMA-D/Disgust/1062_DFA_DIS_XX.flv,Disgust
/content/CREMA-D/Disgust/1065_IEO_DIS_LO.flv,Disgust
/content/CREMA-D/Disgust/1084_DFA_DIS_XX.flv,Disgust
/content/CREMA-D/Disgust/1052_MTI_DIS_XX.flv,Disgust
/content/CREMA-D/Disgust/1083_IOM_DIS_XX.flv,Disgust
/content/CREMA-D/Disgust/1068_WSI_DIS_XX.flv,Disgust
/content/CREMA-D/Disgust/1063_MTI_DIS_XX.flv,Disgust
/content/CREMA-D/Disgust/1057_IEO_DIS_LO.flv,Disgust
/content/CREMA-D/Disgust/1056_TSI_DIS_XX.flv,Disgust
/content/CREMA-D/Disgust/1056_IWW_DIS_XX.flv,Disgust
/content/CREMA-D/Disgust/1085_MTI_DIS_XX.flv,Disgust
/content/CREMA-D/Disgust/1061_TIE_DIS_XX.flv,Disgust
/content/CREMA-D/Disgust/1083_IEO_DIS_LO.flv,Disgust
/content/CREMA-D/Disgust/1058_TSI_DIS_XX.flv,Disgust
/content/CREMA-D/Disgust/1079_MTI_DIS_XX.flv,Disgust
/content/CREMA-D/Disgust/1021_TIE_DIS_XX.flv,Disgust
/content/CREMA-D/Disgust/1046_IOM_DIS_XX.flv,Disgust
/content/CREMA-D/Disgust/1051_WSI_DIS_XX.flv,Disgust
/content/CREMA-D/Disgust/1081_TSI_DIS_XX.flv,Disgust
/content/CREMA-D/Disgust/1007_IEO_DIS_MD.flv,Disgust
/content/CREMA-D/Disgust/1027_IEO_DIS_HI.flv,Disgust
/content/CREMA-D/Disgust/1063_DFA_DIS_XX.flv,Disgust
/content/CREMA-D/Disgust/1044_IOM_DIS_XX.flv,Disgust
/content/CREMA-D/Disgust/1072_ITH_DIS_XX.flv,Disgust
/content/CREMA-D/Disgust/1082_TSI_DIS_XX.flv,Disgust
/content/CREMA-D/Disgust/1014_IWW_DIS_XX.flv,Disgust
/content/CREMA-D/Disgust/1076_ITH_DIS_XX.flv,Disgust
/content/CREMA-D/Disgust/1039_MTI_DIS_XX.flv,Disgust
/content/CREMA-D/Disgust/1013_IEO_DIS_MD.flv,Disgust
/content/CREMA-D/Disgust/1017_TSI_DIS_XX.flv,Disgust
/content/CREMA-D/Disgust/1061_IEO_DIS_MD.flv,Disgust
/content/CREMA-D/Disgust/1008_ITS_DIS_XX.flv,Disgust
/content/CREMA-D/Disgust/1009_IWL_DIS_XX.flv,Disgust
/content/CREMA-D/Disgust/1045_IWW_DIS_XX.flv,Disgust
/content/CREMA-D/Disgust/1059_MTI_DIS_XX.flv,Disgust
/content/CREMA-D/Disgust/1010_IWW_DIS_XX.flv,Disgust
/content/CREMA-D/Disgust/1085_TSI_DIS_XX.flv,Disgust
/content/CREMA-D/Disgust/1077_DFA_DIS_XX.flv,Disgust
/content/CREMA-D/Disgust/1009_TIE_DIS_XX.flv,Disgust
/content/CREMA-D/Disgust/1035_ITH_DIS_XX.flv,Disgust
/content/CREMA-D/Disgust/1037_ITS_DIS_XX.flv,Disgust
/content/CREMA-D/Disgust/1050_ITH_DIS_XX.flv,Disgust
/content/CREMA-D/Disgust/1021_IEO_DIS_MD.flv,Disgust
/content/CREMA-D/Disgust/1039_TSI_DIS_XX.flv,Disgust
/content/CREMA-D/Disgust/1070_ITS_DIS_XX.flv,Disgust
/content/CREMA-D/Disgust/1061_IOM_DIS_XX.flv,Disgust
/content/CREMA-D/Disgust/1071_IEO_DIS_HI.flv,Disgust
/content/CREMA-D/Disgust/1037_ITH_DIS_XX.flv,Disgust
/content/CREMA-D/Disgust/1001_MTI_DIS_XX.flv,Disgust
/content/CREMA-D/Disgust/1017_IWL_DIS_XX.flv,Disgust
/content/CREMA-D/Disgust/1069_TAI_DIS_XX.flv,Disgust
/content/CREMA-D/Disgust/1067_IEO_DIS_LO.flv,Disgust
/content/CREMA-D/Disgust/1033_IWL_DIS_XX.flv,Disgust
/content/CREMA-D/Disgust/1050_IEO_DIS_LO.flv,Disgust
/content/CREMA-D/Disgust/1059_IWL_DIS_XX.flv,Disgust
/content/CREMA-D/Disgust/1074_IEO_DIS_LO.flv,Disgust
/content/CREMA-D/Disgust/1041_DFA_DIS_XX.flv,Disgust
/content/CREMA-D/Disgust/1062_IEO_DIS_LO.flv,Disgust
/content/CREMA-D/Disgust/1071_WSI_DIS_XX.flv,Disgust
/content/CREMA-D/Disgust/1082_MTI_DIS_XX.flv,Disgust
/content/CREMA-D/Disgust/1012_TIE_DIS_XX.flv,Disgust
/content/CREMA-D/Disgust/1060_TAI_DIS_XX.flv,Disgust
/content/CREMA-D/Disgust/1006_IEO_DIS_HI.flv,Disgust
/content/CREMA-D/Disgust/1075_WSI_DIS_XX.flv,Disgust
/content/CREMA-D/Disgust/1031_DFA_DIS_XX.flv,Disgust
/content/CREMA-D/Disgust/1045_ITH_DIS_XX.flv,Disgust
/content/CREMA-D/Disgust/1084_IWL_DIS_XX.flv,Disgust
/content/CREMA-D/Disgust/1033_TIE_DIS_XX.flv,Disgust
/content/CREMA-D/Disgust/1045_MTI_DIS_XX.flv,Disgust
/content/CREMA-D/Disgust/1052_TIE_DIS_XX.flv,Disgust
/content/CREMA-D/Disgust/1083_IEO_DIS_HI.flv,Disgust
/content/CREMA-D/Disgust/1066_ITH_DIS_XX.flv,Disgust
/content/CREMA-D/Disgust/1035_IEO_DIS_MD.flv,Disgust
/content/CREMA-D/Disgust/1088_TSI_DIS_XX.flv,Disgust
/content/CREMA-D/Disgust/1001_TIE_DIS_XX.flv,Disgust
/content/CREMA-D/Disgust/1075_MTI_DIS_XX.flv,Disgust
/content/CREMA-D/Disgust/1057_ITS_DIS_XX.flv,Disgust
/content/CREMA-D/Disgust/1061_IWL_DIS_XX.flv,Disgust
/content/CREMA-D/Disgust/1076_IOM_DIS_XX.flv,Disgust
/content/CREMA-D/Disgust/1002_IEO_DIS_HI.flv,Disgust
/content/CREMA-D/Disgust/1043_MTI_DIS_XX.flv,Disgust
/content/CREMA-D/Disgust/1083_WSI_DIS_XX.flv,Disgust
/content/CREMA-D/Disgust/1029_IWW_DIS_XX.flv,Disgust
/content/CREMA-D/Disgust/1030_ITS_DIS_XX.flv,Disgust
/content/CREMA-D/Disgust/1089_MTI_DIS_XX.flv,Disgust
/content/CREMA-D/Disgust/1017_IEO_DIS_HI.flv,Disgust
/content/CREMA-D/Disgust/1001_WSI_DIS_XX.flv,Disgust
/content/CREMA-D/Disgust/1041_ITS_DIS_XX.flv,Disgust
/content/CREMA-D/Disgust/1032_ITS_DIS_XX.flv,Disgust
/content/CREMA-D/Disgust/1029_TSI_DIS_XX.flv,Disgust
/content/CREMA-D/Disgust/1088_IEO_DIS_LO.flv,Disgust
/content/CREMA-D/Disgust/1003_TSI_DIS_XX.flv,Disgust
/content/CREMA-D/Disgust/1070_IEO_DIS_MD.flv,Disgust
/content/CREMA-D/Disgust/1053_DFA_DIS_XX.flv,Disgust
/content/CREMA-D/Disgust/1023_IEO_DIS_HI.flv,Disgust
/content/CREMA-D/Disgust/1034_IEO_DIS_HI.flv,Disgust
/content/CREMA-D/Disgust/1026_ITH_DIS_XX.flv,Disgust
/content/CREMA-D/Disgust/1089_IEO_DIS_LO.flv,Disgust
/content/CREMA-D/Disgust/1025_IWW_DIS_XX.flv,Disgust
/content/CREMA-D/Disgust/1028_TIE_DIS_XX.flv,Disgust
/content/CREMA-D/Disgust/1054_IEO_DIS_HI.flv,Disgust
/content/CREMA-D/Disgust/1047_TSI_DIS_XX.flv,Disgust
/content/CREMA-D/Disgust/1052_IEO_DIS_MD.flv,Disgust
/content/CREMA-D/Disgust/1062_MTI_DIS_XX.flv,Disgust
/content/CREMA-D/Disgust/1058_DFA_DIS_XX.flv,Disgust
/content/CREMA-D/Disgust/1039_IEO_DIS_LO.flv,Disgust
/content/CREMA-D/Disgust/1051_TAI_DIS_XX.flv,Disgust
/content/CREMA-D/Disgust/1031_IEO_DIS_MD.flv,Disgust
/content/CREMA-D/Disgust/1036_IEO_DIS_HI.flv,Disgust
/content/CREMA-D/Disgust/1005_IWL_DIS_XX.flv,Disgust
/content/CREMA-D/Disgust/1018_IWW_DIS_XX.flv,Disgust
/content/CREMA-D/Disgust/1012_DFA_DIS_XX.flv,Disgust
/content/CREMA-D/Disgust/1064_DFA_DIS_XX.flv,Disgust
/content/CREMA-D/Disgust/1075_DFA_DIS_XX.flv,Disgust
/content/CREMA-D/Disgust/1089_IWW_DIS_XX.flv,Disgust
/content/CREMA-D/Disgust/1077_IWW_DIS_XX.flv,Disgust
/content/CREMA-D/Disgust/1014_ITH_DIS_XX.flv,Disgust
/content/CREMA-D/Disgust/1039_TIE_DIS_XX.flv,Disgust
/content/CREMA-D/Disgust/1050_IWL_DIS_XX.flv,Disgust
/content/CREMA-D/Disgust/1040_WSI_DIS_XX.flv,Disgust
/content/CREMA-D/Disgust/1061_ITS_DIS_XX.flv,Disgust
/content/CREMA-D/Disgust/1085_IEO_DIS_HI.flv,Disgust
/content/CREMA-D/Disgust/1010_ITS_DIS_XX.flv,Disgust
/content/CREMA-D/Disgust/1039_IEO_DIS_MD.flv,Disgust
/content/CREMA-D/Disgust/1074_TIE_DIS_XX.flv,Disgust
/content/CREMA-D/Disgust/1054_IWW_DIS_XX.flv,Disgust
/content/CREMA-D/Disgust/1026_IWW_DIS_XX.flv,Disgust
/content/CREMA-D/Disgust/1071_IWL_DIS_XX.flv,Disgust
/content/CREMA-D/Disgust/1059_IOM_DIS_XX.flv,Disgust
/content/CREMA-D/Disgust/1091_IEO_DIS_HI.flv,Disgust
/content/CREMA-D/Disgust/1048_IOM_DIS_XX.flv,Disgust
/content/CREMA-D/Disgust/1039_ITS_DIS_XX.flv,Disgust
/content/CREMA-D/Disgust/1050_IEO_DIS_MD.flv,Disgust
/content/CREMA-D/Disgust/1013_IEO_DIS_LO.flv,Disgust
/content/CREMA-D/Disgust/1028_IEO_DIS_MD.flv,Disgust
/content/CREMA-D/Disgust/1057_IWW_DIS_XX.flv,Disgust
/content/CREMA-D/Disgust/1069_TSI_DIS_XX.flv,Disgust
/content/CREMA-D/Disgust/1024_IEO_DIS_MD.flv,Disgust
/content/CREMA-D/Disgust/1052_TAI_DIS_XX.flv,Disgust
/content/CREMA-D/Disgust/1041_IOM_DIS_XX.flv,Disgust
/content/CREMA-D/Disgust/1041_IEO_DIS_HI.flv,Disgust
/content/CREMA-D/Disgust/1049_ITS_DIS_XX.flv,Disgust
/content/CREMA-D/Disgust/1023_IEO_DIS_MD.flv,Disgust
/content/CREMA-D/Disgust/1021_ITH_DIS_XX.flv,Disgust
/content/CREMA-D/Disgust/1085_TIE_DIS_XX.flv,Disgust
/content/CREMA-D/Disgust/1059_WSI_DIS_XX.flv,Disgust
/content/CREMA-D/Disgust/1030_TAI_DIS_XX.flv,Disgust
/content/CREMA-D/Disgust/1059_TSI_DIS_XX.flv,Disgust
/content/CREMA-D/Disgust/1074_DFA_DIS_XX.flv,Disgust
/content/CREMA-D/Disgust/1024_IEO_DIS_HI.flv,Disgust
/content/CREMA-D/Disgust/1085_ITH_DIS_XX.flv,Disgust
/content/CREMA-D/Disgust/1024_ITS_DIS_XX.flv,Disgust
/content/CREMA-D/Disgust/1024_MTI_DIS_XX.flv,Disgust
/content/CREMA-D/Disgust/1041_MTI_DIS_XX.flv,Disgust
/content/CREMA-D/Disgust/1054_IOM_DIS_XX.flv,Disgust
/content/CREMA-D/Disgust/1063_ITH_DIS_XX.flv,Disgust
/content/CREMA-D/Disgust/1071_ITH_DIS_XX.flv,Disgust
/content/CREMA-D/Disgust/1028_IOM_DIS_XX.flv,Disgust
/content/CREMA-D/Disgust/1063_IEO_DIS_LO.flv,Disgust
/content/CREMA-D/Disgust/1044_TSI_DIS_XX.flv,Disgust
/content/CREMA-D/Disgust/1051_IEO_DIS_MD.flv,Disgust
/content/CREMA-D/Disgust/1010_IOM_DIS_XX.flv,Disgust
/content/CREMA-D/Disgust/1037_WSI_DIS_XX.flv,Disgust
/content/CREMA-D/Disgust/1006_IEO_DIS_LO.flv,Disgust
/content/CREMA-D/Disgust/1009_IEO_DIS_LO.flv,Disgust
/content/CREMA-D/Disgust/1074_IWL_DIS_XX.flv,Disgust
/content/CREMA-D/Disgust/1039_IOM_DIS_XX.flv,Disgust
/content/CREMA-D/Disgust/1078_TSI_DIS_XX.flv,Disgust
/content/CREMA-D/Disgust/1074_TSI_DIS_XX.flv,Disgust
/content/CREMA-D/Disgust/1030_IEO_DIS_MD.flv,Disgust
/content/CREMA-D/Disgust/1077_ITH_DIS_XX.flv,Disgust
/content/CREMA-D/Disgust/1038_IEO_DIS_HI.flv,Disgust
/content/CREMA-D/Disgust/1031_WSI_DIS_XX.flv,Disgust
/content/CREMA-D/Disgust/1058_IEO_DIS_MD.flv,Disgust
/content/CREMA-D/Disgust/1049_IOM_DIS_XX.flv,Disgust
/content/CREMA-D/Disgust/1026_TIE_DIS_XX.flv,Disgust
/content/CREMA-D/Disgust/1069_IEO_DIS_HI.flv,Disgust
/content/CREMA-D/Disgust/1057_TAI_DIS_XX.flv,Disgust
/content/CREMA-D/Disgust/1064_MTI_DIS_XX.flv,Disgust
/content/CREMA-D/Disgust/1040_DFA_DIS_XX.flv,Disgust
/content/CREMA-D/Disgust/1043_IWL_DIS_XX.flv,Disgust
/content/CREMA-D/Disgust/1011_IWW_DIS_XX.flv,Disgust
/content/CREMA-D/Disgust/1048_ITS_DIS_XX.flv,Disgust
/content/CREMA-D/Disgust/1089_IWL_DIS_XX.flv,Disgust
/content/CREMA-D/Disgust/1090_IWL_DIS_XX.flv,Disgust
/content/CREMA-D/Fear/1002_IOM_FEA_XX.flv,Fear
/content/CREMA-D/Fear/1009_IWW_FEA_XX.flv,Fear
/content/CREMA-D/Fear/1068_IWL_FEA_XX.flv,Fear
/content/CREMA-D/Fear/1047_IEO_FEA_HI.flv,Fear
/content/CREMA-D/Fear/1045_WSI_FEA_XX.flv,Fear
/content/CREMA-D/Fear/1054_MTI_FEA_XX.flv,Fear
/content/CREMA-D/Fear/1078_IOM_FEA_XX.flv,Fear
/content/CREMA-D/Fear/1042_DFA_FEA_XX.flv,Fear
/content/CREMA-D/Fear/1060_IEO_FEA_LO.flv,Fear
/content/CREMA-D/Fear/1062_MTI_FEA_XX.flv,Fear
/content/CREMA-D/Fear/1025_TSI_FEA_XX.flv,Fear
/content/CREMA-D/Fear/1041_IOM_FEA_XX.flv,Fear
/content/CREMA-D/Fear/1011_IEO_FEA_HI.flv,Fear
/content/CREMA-D/Fear/1013_ITH_FEA_XX.flv,Fear
/content/CREMA-D/Fear/1066_TAI_FEA_XX.flv,Fear
/content/CREMA-D/Fear/1090_IWL_FEA_XX.flv,Fear
/content/CREMA-D/Fear/1043_ITH_FEA_XX.flv,Fear
/content/CREMA-D/Fear/1075_IEO_FEA_HI.flv,Fear
/content/CREMA-D/Fear/1051_IOM_FEA_XX.flv,Fear
/content/CREMA-D/Fear/1078_IWW_FEA_XX.flv,Fear
/content/CREMA-D/Fear/1039_IEO_FEA_MD.flv,Fear
/content/CREMA-D/Fear/1040_ITS_FEA_XX.flv,Fear
/content/CREMA-D/Fear/1075_IOM_FEA_XX.flv,Fear
/content/CREMA-D/Fear/1067_IEO_FEA_LO.flv,Fear
/content/CREMA-D/Fear/1009_DFA_FEA_XX.flv,Fear
/content/CREMA-D/Fear/1070_TIE_FEA_XX.flv,Fear
/content/CREMA-D/Fear/1008_TAI_FEA_XX.flv,Fear
/content/CREMA-D/Fear/1089_IEO_FEA_MD.flv,Fear
/content/CREMA-D/Fear/1011_IWW_FEA_XX.flv,Fear
/content/CREMA-D/Fear/1004_IEO_FEA_LO.flv,Fear
/content/CREMA-D/Fear/1078_IEO_FEA_HI.flv,Fear
/content/CREMA-D/Fear/1005_IWL_FEA_XX.flv,Fear
/content/CREMA-D/Fear/1072_ITS_FEA_XX.flv,Fear
/content/CREMA-D/Fear/1030_IWW_FEA_XX.flv,Fear
/content/CREMA-D/Fear/1035_MTI_FEA_XX.flv,Fear
/content/CREMA-D/Fear/1059_ITH_FEA_XX.flv,Fear
/content/CREMA-D/Fear/1055_MTI_FEA_XX.flv,Fear
/content/CREMA-D/Fear/1037_DFA_FEA_XX.flv,Fear
/content/CREMA-D/Fear/1045_IOM_FEA_XX.flv,Fear
/content/CREMA-D/Fear/1066_WSI_FEA_XX.flv,Fear
/content/CREMA-D/Fear/1057_ITH_FEA_XX.flv,Fear
/content/CREMA-D/Fear/1057_IEO_FEA_LO.flv,Fear
/content/CREMA-D/Fear/1003_ITS_FEA_XX.flv,Fear
/content/CREMA-D/Fear/1078_TIE_FEA_XX.flv,Fear
/content/CREMA-D/Fear/1011_IEO_FEA_MD.flv,Fear
/content/CREMA-D/Fear/1008_IWL_FEA_XX.flv,Fear
/content/CREMA-D/Fear/1013_TIE_FEA_XX.flv,Fear
/content/CREMA-D/Fear/1061_MTI_FEA_XX.flv,Fear
/content/CREMA-D/Fear/1068_ITH_FEA_XX.flv,Fear
/content/CREMA-D/Fear/1065_WSI_FEA_XX.flv,Fear
/content/CREMA-D/Fear/1025_DFA_FEA_XX.flv,Fear
/content/CREMA-D/Fear/1029_ITS_FEA_XX.flv,Fear
/content/CREMA-D/Fear/1008_ITH_FEA_XX.flv,Fear
/content/CREMA-D/Fear/1012_IWL_FEA_XX.flv,Fear
/content/CREMA-D/Fear/1061_TAI_FEA_XX.flv,Fear
/content/CREMA-D/Fear/1072_IWL_FEA_XX.flv,Fear
/content/CREMA-D/Fear/1039_TSI_FEA_XX.flv,Fear
/content/CREMA-D/Fear/1080_TIE_FEA_XX.flv,Fear
/content/CREMA-D/Fear/1066_ITS_FEA_XX.flv,Fear
/content/CREMA-D/Fear/1059_TIE_FEA_XX.flv,Fear
/content/CREMA-D/Fear/1019_IOM_FEA_XX.flv,Fear
/content/CREMA-D/Fear/1022_IEO_FEA_MD.flv,Fear
/content/CREMA-D/Fear/1065_IEO_FEA_MD.flv,Fear
/content/CREMA-D/Fear/1069_WSI_FEA_XX.flv,Fear
/content/CREMA-D/Fear/1064_IEO_FEA_MD.flv,Fear
/content/CREMA-D/Fear/1074_WSI_FEA_XX.flv,Fear
/content/CREMA-D/Fear/1054_IEO_FEA_HI.flv,Fear
/content/CREMA-D/Fear/1051_TSI_FEA_XX.flv,Fear
/content/CREMA-D/Fear/1063_TIE_FEA_XX.flv,Fear
/content/CREMA-D/Fear/1076_DFA_FEA_XX.flv,Fear
/content/CREMA-D/Fear/1062_WSI_FEA_XX.flv,Fear
/content/CREMA-D/Fear/1043_TSI_FEA_XX.flv,Fear
/content/CREMA-D/Fear/1063_IEO_FEA_MD.flv,Fear
/content/CREMA-D/Fear/1031_ITH_FEA_XX.flv,Fear
/content/CREMA-D/Fear/1039_ITS_FEA_XX.flv,Fear
/content/CREMA-D/Fear/1054_IEO_FEA_MD.flv,Fear
/content/CREMA-D/Fear/1019_IEO_FEA_HI.flv,Fear
/content/CREMA-D/Fear/1007_IEO_FEA_LO.flv,Fear
/content/CREMA-D/Fear/1055_TAI_FEA_XX.flv,Fear
/content/CREMA-D/Fear/1042_IEO_FEA_LO.flv,Fear
/content/CREMA-D/Fear/1010_MTI_FEA_XX.flv,Fear
/content/CREMA-D/Fear/1005_TSI_FEA_XX.flv,Fear
/content/CREMA-D/Fear/1044_ITS_FEA_XX.flv,Fear
/content/CREMA-D/Fear/1020_TAI_FEA_XX.flv,Fear
/content/CREMA-D/Fear/1085_MTI_FEA_XX.flv,Fear
/content/CREMA-D/Fear/1073_TIE_FEA_XX.flv,Fear
/content/CREMA-D/Fear/1050_IWW_FEA_XX.flv,Fear
/content/CREMA-D/Fear/1015_WSI_FEA_XX.flv,Fear
/content/CREMA-D/Fear/1016_ITH_FEA_XX.flv,Fear
/content/CREMA-D/Fear/1074_IEO_FEA_LO.flv,Fear
/content/CREMA-D/Fear/1017_TSI_FEA_XX.flv,Fear
/content/CREMA-D/Fear/1026_TIE_FEA_XX.flv,Fear
/content/CREMA-D/Fear/1013_IEO_FEA_LO.flv,Fear
/content/CREMA-D/Fear/1029_TSI_FEA_XX.flv,Fear
/content/CREMA-D/Fear/1072_MTI_FEA_XX.flv,Fear
/content/CREMA-D/Fear/1068_ITS_FEA_XX.flv,Fear
/content/CREMA-D/Fear/1064_IEO_FEA_LO.flv,Fear
/content/CREMA-D/Fear/1052_IWW_FEA_XX.flv,Fear
/content/CREMA-D/Fear/1080_WSI_FEA_XX.flv,Fear
/content/CREMA-D/Fear/1037_MTI_FEA_XX.flv,Fear
/content/CREMA-D/Fear/1060_DFA_FEA_XX.flv,Fear
/content/CREMA-D/Fear/1024_TSI_FEA_XX.flv,Fear
/content/CREMA-D/Fear/1090_WSI_FEA_XX.flv,Fear
/content/CREMA-D/Fear/1002_ITH_FEA_XX.flv,Fear
/content/CREMA-D/Fear/1066_DFA_FEA_XX.flv,Fear
/content/CREMA-D/Fear/1013_IEO_FEA_MD.flv,Fear
/content/CREMA-D/Fear/1023_IOM_FEA_XX.flv,Fear
/content/CREMA-D/Fear/1037_IEO_FEA_LO.flv,Fear
/content/CREMA-D/Fear/1029_IOM_FEA_XX.flv,Fear
/content/CREMA-D/Fear/1012_WSI_FEA_XX.flv,Fear
/content/CREMA-D/Fear/1035_TAI_FEA_XX.flv,Fear
/content/CREMA-D/Fear/1036_WSI_FEA_XX.flv,Fear
/content/CREMA-D/Fear/1088_ITS_FEA_XX.flv,Fear
/content/CREMA-D/Fear/1020_IEO_FEA_LO.flv,Fear
/content/CREMA-D/Fear/1017_TAI_FEA_XX.flv,Fear
/content/CREMA-D/Fear/1012_IEO_FEA_HI.flv,Fear
/content/CREMA-D/Fear/1063_TAI_FEA_XX.flv,Fear
/content/CREMA-D/Fear/1003_IEO_FEA_LO.flv,Fear
/content/CREMA-D/Fear/1050_TIE_FEA_XX.flv,Fear
/content/CREMA-D/Fear/1047_DFA_FEA_XX.flv,Fear
/content/CREMA-D/Fear/1061_IEO_FEA_MD.flv,Fear
/content/CREMA-D/Fear/1049_IWW_FEA_XX.flv,Fear
/content/CREMA-D/Fear/1017_ITS_FEA_XX.flv,Fear
/content/CREMA-D/Fear/1001_DFA_FEA_XX.flv,Fear
/content/CREMA-D/Fear/1048_IOM_FEA_XX.flv,Fear
/content/CREMA-D/Fear/1014_IWW_FEA_XX.flv,Fear
/content/CREMA-D/Fear/1004_IOM_FEA_XX.flv,Fear
/content/CREMA-D/Fear/1050_WSI_FEA_XX.flv,Fear
/content/CREMA-D/Fear/1045_TSI_FEA_XX.flv,Fear
/content/CREMA-D/Fear/1066_IWW_FEA_XX.flv,Fear
/content/CREMA-D/Fear/1088_IEO_FEA_MD.flv,Fear
/content/CREMA-D/Fear/1022_IWW_FEA_XX.flv,Fear
/content/CREMA-D/Fear/1020_TIE_FEA_XX.flv,Fear
/content/CREMA-D/Fear/1079_ITS_FEA_XX.flv,Fear
/content/CREMA-D/Fear/1085_TIE_FEA_XX.flv,Fear
/content/CREMA-D/Fear/1089_TAI_FEA_XX.flv,Fear
/content/CREMA-D/Fear/1023_IWL_FEA_XX.flv,Fear
/content/CREMA-D/Fear/1043_IOM_FEA_XX.flv,Fear
/content/CREMA-D/Fear/1001_IEO_FEA_HI.flv,Fear
/content/CREMA-D/Fear/1033_WSI_FEA_XX.flv,Fear
/content/CREMA-D/Fear/1091_IWL_FEA_XX.flv,Fear
/content/CREMA-D/Fear/1068_IEO_FEA_HI.flv,Fear
/content/CREMA-D/Fear/1046_WSI_FEA_XX.flv,Fear
/content/CREMA-D/Fear/1084_IEO_FEA_MD.flv,Fear
/content/CREMA-D/Fear/1044_TSI_FEA_XX.flv,Fear
/content/CREMA-D/Fear/1086_TIE_FEA_XX.flv,Fear
/content/CREMA-D/Fear/1087_IEO_FEA_LO.flv,Fear
/content/CREMA-D/Fear/1013_IOM_FEA_XX.flv,Fear
/content/CREMA-D/Fear/1061_WSI_FEA_XX.flv,Fear
/content/CREMA-D/Fear/1022_DFA_FEA_XX.flv,Fear
/content/CREMA-D/Fear/1048_DFA_FEA_XX.flv,Fear
/content/CREMA-D/Fear/1035_WSI_FEA_XX.flv,Fear
/content/CREMA-D/Fear/1056_MTI_FEA_XX.flv,Fear
/content/CREMA-D/Fear/1079_DFA_FEA_XX.flv,Fear
/content/CREMA-D/Fear/1047_TAI_FEA_XX.flv,Fear
/content/CREMA-D/Fear/1052_ITS_FEA_XX.flv,Fear
/content/CREMA-D/Fear/1047_IOM_FEA_XX.flv,Fear
/content/CREMA-D/Fear/1058_TSI_FEA_XX.flv,Fear
/content/CREMA-D/Fear/1087_IWW_FEA_XX.flv,Fear
/content/CREMA-D/Fear/1068_TSI_FEA_XX.flv,Fear
/content/CREMA-D/Fear/1034_TAI_FEA_XX.flv,Fear
/content/CREMA-D/Fear/1039_DFA_FEA_XX.flv,Fear
/content/CREMA-D/Fear/1008_TSI_FEA_XX.flv,Fear
/content/CREMA-D/Fear/1064_ITH_FEA_XX.flv,Fear
/content/CREMA-D/Fear/1010_TIE_FEA_XX.flv,Fear
/content/CREMA-D/Fear/1024_IEO_FEA_MD.flv,Fear
/content/CREMA-D/Fear/1007_IEO_FEA_HI.flv,Fear
/content/CREMA-D/Fear/1030_IWL_FEA_XX.flv,Fear
/content/CREMA-D/Fear/1011_IEO_FEA_LO.flv,Fear
/content/CREMA-D/Fear/1080_TAI_FEA_XX.flv,Fear
/content/CREMA-D/Fear/1031_IWW_FEA_XX.flv,Fear
/content/CREMA-D/Fear/1091_IWW_FEA_XX.flv,Fear
/content/CREMA-D/Fear/1091_IEO_FEA_LO.flv,Fear
/content/CREMA-D/Fear/1039_MTI_FEA_XX.flv,Fear
/content/CREMA-D/Fear/1036_TAI_FEA_XX.flv,Fear
/content/CREMA-D/Fear/1019_WSI_FEA_XX.flv,Fear
/content/CREMA-D/Fear/1083_TSI_FEA_XX.flv,Fear
/content/CREMA-D/Fear/1046_IEO_FEA_LO.flv,Fear
/content/CREMA-D/Fear/1090_IEO_FEA_MD.flv,Fear
/content/CREMA-D/Fear/1030_TSI_FEA_XX.flv,Fear
/content/CREMA-D/Fear/1087_IEO_FEA_HI.flv,Fear
/content/CREMA-D/Fear/1090_MTI_FEA_XX.flv,Fear
/content/CREMA-D/Fear/1038_WSI_FEA_XX.flv,Fear
/content/CREMA-D/Fear/1042_MTI_FEA_XX.flv,Fear
/content/CREMA-D/Fear/1080_TSI_FEA_XX.flv,Fear
/content/CREMA-D/Fear/1067_ITH_FEA_XX.flv,Fear
/content/CREMA-D/Fear/1032_TAI_FEA_XX.flv,Fear
/content/CREMA-D/Fear/1072_DFA_FEA_XX.flv,Fear
/content/CREMA-D/Fear/1071_MTI_FEA_XX.flv,Fear
/content/CREMA-D/Fear/1062_IEO_FEA_MD.flv,Fear
/content/CREMA-D/Fear/1002_TIE_FEA_XX.flv,Fear
/content/CREMA-D/Fear/1038_TAI_FEA_XX.flv,Fear
/content/CREMA-D/Fear/1060_IOM_FEA_XX.flv,Fear
/content/CREMA-D/Fear/1012_ITS_FEA_XX.flv,Fear
/content/CREMA-D/Fear/1046_IEO_FEA_HI.flv,Fear
/content/CREMA-D/Fear/1052_IEO_FEA_MD.flv,Fear
/content/CREMA-D/Fear/1085_DFA_FEA_XX.flv,Fear
/content/CREMA-D/Fear/1034_IEO_FEA_MD.flv,Fear
/content/CREMA-D/Fear/1069_TAI_FEA_XX.flv,Fear
/content/CREMA-D/Fear/1049_IWL_FEA_XX.flv,Fear
/content/CREMA-D/Fear/1004_TIE_FEA_XX.flv,Fear
/content/CREMA-D/Fear/1072_TAI_FEA_XX.flv,Fear
/content/CREMA-D/Fear/1058_IEO_FEA_HI.flv,Fear
/content/CREMA-D/Fear/1027_WSI_FEA_XX.flv,Fear
/content/CREMA-D/Fear/1051_MTI_FEA_XX.flv,Fear
/content/CREMA-D/Fear/1011_IOM_FEA_XX.flv,Fear
/content/CREMA-D/Fear/1081_IOM_FEA_XX.flv,Fear
/content/CREMA-D/Fear/1064_IWW_FEA_XX.flv,Fear
/content/CREMA-D/Fear/1037_TSI_FEA_XX.flv,Fear
/content/CREMA-D/Fear/1063_MTI_FEA_XX.flv,Fear
/content/CREMA-D/Fear/1030_TAI_FEA_XX.flv,Fear
/content/CREMA-D/Fear/1049_TIE_FEA_XX.flv,Fear
/content/CREMA-D/Fear/1019_MTI_FEA_XX.flv,Fear
/content/CREMA-D/Fear/1046_IWW_FEA_XX.flv,Fear
/content/CREMA-D/Fear/1004_DFA_FEA_XX.flv,Fear
/content/CREMA-D/Fear/1005_IOM_FEA_XX.flv,Fear
/content/CREMA-D/Fear/1013_TSI_FEA_XX.flv,Fear
/content/CREMA-D/Fear/1028_IOM_FEA_XX.flv,Fear
/content/CREMA-D/Fear/1038_ITH_FEA_XX.flv,Fear
/content/CREMA-D/Fear/1038_MTI_FEA_XX.flv,Fear
/content/CREMA-D/Fear/1003_WSI_FEA_XX.flv,Fear
/content/CREMA-D/Fear/1023_DFA_FEA_XX.flv,Fear
/content/CREMA-D/Fear/1056_TIE_FEA_XX.flv,Fear
/content/CREMA-D/Fear/1070_IOM_FEA_XX.flv,Fear
/content/CREMA-D/Fear/1088_TAI_FEA_XX.flv,Fear
/content/CREMA-D/Fear/1040_TIE_FEA_XX.flv,Fear
/content/CREMA-D/Fear/1020_IOM_FEA_XX.flv,Fear
/content/CREMA-D/Fear/1042_IWW_FEA_XX.flv,Fear
/content/CREMA-D/Fear/1058_ITS_FEA_XX.flv,Fear
/content/CREMA-D/Fear/1049_ITH_FEA_XX.flv,Fear
/content/CREMA-D/Fear/1079_MTI_FEA_XX.flv,Fear
/content/CREMA-D/Fear/1091_IOM_FEA_XX.flv,Fear
/content/CREMA-D/Fear/1037_IOM_FEA_XX.flv,Fear
/content/CREMA-D/Fear/1019_ITS_FEA_XX.flv,Fear
/content/CREMA-D/Fear/1035_DFA_FEA_XX.flv,Fear
/content/CREMA-D/Fear/1023_IEO_FEA_MD.flv,Fear
/content/CREMA-D/Fear/1021_IEO_FEA_HI.flv,Fear
/content/CREMA-D/Fear/1061_IEO_FEA_HI.flv,Fear
/content/CREMA-D/Fear/1028_IEO_FEA_LO.flv,Fear
/content/CREMA-D/Fear/1039_TAI_FEA_XX.flv,Fear
/content/CREMA-D/Fear/1070_ITS_FEA_XX.flv,Fear
/content/CREMA-D/Fear/1036_DFA_FEA_XX.flv,Fear
/content/CREMA-D/Fear/1075_TSI_FEA_XX.flv,Fear
/content/CREMA-D/Fear/1060_IEO_FEA_MD.flv,Fear
/content/CREMA-D/Fear/1002_IWW_FEA_XX.flv,Fear
/content/CREMA-D/Fear/1057_TIE_FEA_XX.flv,Fear
/content/CREMA-D/Fear/1034_IEO_FEA_LO.flv,Fear
/content/CREMA-D/Fear/1065_TAI_FEA_XX.flv,Fear
/content/CREMA-D/Fear/1054_DFA_FEA_XX.flv,Fear
/content/CREMA-D/Fear/1017_IWW_FEA_XX.flv,Fear
/content/CREMA-D/Fear/1089_IOM_FEA_XX.flv,Fear
/content/CREMA-D/Fear/1004_IWL_FEA_XX.flv,Fear
/content/CREMA-D/Fear/1031_IEO_FEA_LO.flv,Fear
/content/CREMA-D/Fear/1012_IEO_FEA_MD.flv,Fear
/content/CREMA-D/Fear/1082_IEO_FEA_LO.flv,Fear
/content/CREMA-D/Fear/1027_IEO_FEA_HI.flv,Fear
/content/CREMA-D/Fear/1022_TAI_FEA_XX.flv,Fear
/content/CREMA-D/Fear/1054_WSI_FEA_XX.flv,Fear
/content/CREMA-D/Fear/1067_IEO_FEA_MD.flv,Fear
/content/CREMA-D/Fear/1028_WSI_FEA_XX.flv,Fear
/content/CREMA-D/Fear/1009_TSI_FEA_XX.flv,Fear
/content/CREMA-D/Fear/1046_ITS_FEA_XX.flv,Fear
/content/CREMA-D/Fear/1030_ITS_FEA_XX.flv,Fear
/content/CREMA-D/Fear/1021_TIE_FEA_XX.flv,Fear
/content/CREMA-D/Fear/1091_WSI_FEA_XX.flv,Fear
/content/CREMA-D/Fear/1079_IWW_FEA_XX.flv,Fear
/content/CREMA-D/Fear/1065_IEO_FEA_LO.flv,Fear
/content/CREMA-D/Fear/1087_TIE_FEA_XX.flv,Fear
/content/CREMA-D/Fear/1005_IEO_FEA_HI.flv,Fear
/content/CREMA-D/Fear/1078_ITS_FEA_XX.flv,Fear
/content/CREMA-D/Fear/1082_ITH_FEA_XX.flv,Fear
/content/CREMA-D/Fear/1041_IEO_FEA_MD.flv,Fear
/content/CREMA-D/Fear/1083_WSI_FEA_XX.flv,Fear
/content/CREMA-D/Fear/1071_ITH_FEA_XX.flv,Fear
/content/CREMA-D/Fear/1001_IOM_FEA_XX.flv,Fear
/content/CREMA-D/Fear/1059_DFA_FEA_XX.flv,Fear
/content/CREMA-D/Fear/1034_MTI_FEA_XX.flv,Fear
/content/CREMA-D/Fear/1084_IWW_FEA_XX.flv,Fear
/content/CREMA-D/Fear/1066_MTI_FEA_XX.flv,Fear
/content/CREMA-D/Fear/1066_IEO_FEA_LO.flv,Fear
/content/CREMA-D/Fear/1075_IEO_FEA_LO.flv,Fear
/content/CREMA-D/Fear/1042_ITH_FEA_XX.flv,Fear
/content/CREMA-D/Fear/1027_TIE_FEA_XX.flv,Fear
/content/CREMA-D/Fear/1080_IOM_FEA_XX.flv,Fear
/content/CREMA-D/Fear/1056_TAI_FEA_XX.flv,Fear
/content/CREMA-D/Fear/1052_IWL_FEA_XX.flv,Fear
/content/CREMA-D/Fear/1081_IWL_FEA_XX.flv,Fear
/content/CREMA-D/Fear/1090_IEO_FEA_HI.flv,Fear
/content/CREMA-D/Fear/1056_IWW_FEA_XX.flv,Fear
/content/CREMA-D/Fear/1069_DFA_FEA_XX.flv,Fear
/content/CREMA-D/Fear/1010_WSI_FEA_XX.flv,Fear
/content/CREMA-D/Fear/1020_IEO_FEA_MD.flv,Fear
/content/CREMA-D/Fear/1062_ITH_FEA_XX.flv,Fear
/content/CREMA-D/Fear/1044_IEO_FEA_HI.flv,Fear
/content/CREMA-D/Fear/1030_IEO_FEA_LO.flv,Fear
/content/CREMA-D/Fear/1066_IEO_FEA_MD.flv,Fear
/content/CREMA-D/Fear/1018_ITH_FEA_XX.flv,Fear
/content/CREMA-D/Fear/1002_TAI_FEA_XX.flv,Fear
/content/CREMA-D/Fear/1084_WSI_FEA_XX.flv,Fear
/content/CREMA-D/Fear/1005_ITH_FEA_XX.flv,Fear
/content/CREMA-D/Fear/1073_DFA_FEA_XX.flv,Fear
/content/CREMA-D/Fear/1001_IWW_FEA_XX.flv,Fear
/content/CREMA-D/Fear/1052_MTI_FEA_XX.flv,Fear
/content/CREMA-D/Fear/1077_ITS_FEA_XX.flv,Fear
/content/CREMA-D/Fear/1057_IWW_FEA_XX.flv,Fear
/content/CREMA-D/Fear/1043_IWW_FEA_XX.flv,Fear
/content/CREMA-D/Fear/1009_TAI_FEA_XX.flv,Fear
/content/CREMA-D/Fear/1011_MTI_FEA_XX.flv,Fear
/content/CREMA-D/Fear/1013_WSI_FEA_XX.flv,Fear
/content/CREMA-D/Fear/1083_IEO_FEA_LO.flv,Fear
/content/CREMA-D/Fear/1041_IWW_FEA_XX.flv,Fear
/content/CREMA-D/Fear/1073_TAI_FEA_XX.flv,Fear
/content/CREMA-D/Fear/1033_IOM_FEA_XX.flv,Fear
/content/CREMA-D/Fear/1009_IEO_FEA_LO.flv,Fear
/content/CREMA-D/Fear/1038_ITS_FEA_XX.flv,Fear
/content/CREMA-D/Fear/1052_TAI_FEA_XX.flv,Fear
/content/CREMA-D/Fear/1032_IEO_FEA_MD.flv,Fear
/content/CREMA-D/Fear/1077_ITH_FEA_XX.flv,Fear
/content/CREMA-D/Happy/1041_IEO_HAP_HI.flv,Happy
/content/CREMA-D/Happy/1065_ITH_HAP_XX.flv,Happy
/content/CREMA-D/Happy/1033_TSI_HAP_XX.flv,Happy
/content/CREMA-D/Happy/1084_ITH_HAP_XX.flv,Happy
/content/CREMA-D/Happy/1061_IEO_HAP_MD.flv,Happy
/content/CREMA-D/Happy/1067_IEO_HAP_MD.flv,Happy
/content/CREMA-D/Happy/1001_IEO_HAP_MD.flv,Happy
/content/CREMA-D/Happy/1049_IEO_HAP_HI.flv,Happy
/content/CREMA-D/Happy/1004_IEO_HAP_HI.flv,Happy
/content/CREMA-D/Happy/1074_ITH_HAP_XX.flv,Happy
/content/CREMA-D/Happy/1037_WSI_HAP_XX.flv,Happy
/content/CREMA-D/Happy/1008_IWL_HAP_XX.flv,Happy
/content/CREMA-D/Happy/1081_ITS_HAP_XX.flv,Happy
/content/CREMA-D/Happy/1080_ITS_HAP_XX.flv,Happy
/content/CREMA-D/Happy/1037_MTI_HAP_XX.flv,Happy
/content/CREMA-D/Happy/1049_WSI_HAP_XX.flv,Happy
/content/CREMA-D/Happy/1091_TAI_HAP_XX.flv,Happy
/content/CREMA-D/Happy/1003_IOM_HAP_XX.flv,Happy
/content/CREMA-D/Happy/1054_DFA_HAP_XX.flv,Happy
/content/CREMA-D/Happy/1078_IEO_HAP_LO.flv,Happy
/content/CREMA-D/Happy/1026_ITH_HAP_XX.flv,Happy
/content/CREMA-D/Happy/1063_DFA_HAP_XX.flv,Happy
/content/CREMA-D/Happy/1077_DFA_HAP_XX.flv,Happy
/content/CREMA-D/Happy/1077_MTI_HAP_XX.flv,Happy
/content/CREMA-D/Happy/1013_IOM_HAP_XX.flv,Happy
/content/CREMA-D/Happy/1025_IEO_HAP_HI.flv,Happy
/content/CREMA-D/Happy/1087_TAI_HAP_XX.flv,Happy
/content/CREMA-D/Happy/1085_ITS_HAP_XX.flv,Happy
/content/CREMA-D/Happy/1082_DFA_HAP_XX.flv,Happy
/content/CREMA-D/Happy/1002_TSI_HAP_XX.flv,Happy
/content/CREMA-D/Happy/1032_IWW_HAP_XX.flv,Happy
/content/CREMA-D/Happy/1049_ITS_HAP_XX.flv,Happy
/content/CREMA-D/Happy/1070_DFA_HAP_XX.flv,Happy
/content/CREMA-D/Happy/1006_TAI_HAP_XX.flv,Happy
/content/CREMA-D/Happy/1017_ITS_HAP_XX.flv,Happy
/content/CREMA-D/Happy/1035_ITS_HAP_XX.flv,Happy
/content/CREMA-D/Happy/1029_DFA_HAP_XX.flv,Happy
/content/CREMA-D/Happy/1039_IEO_HAP_MD.flv,Happy
/content/CREMA-D/Happy/1036_MTI_HAP_XX.flv,Happy
/content/CREMA-D/Happy/1062_MTI_HAP_XX.flv,Happy
/content/CREMA-D/Happy/1041_IWL_HAP_XX.flv,Happy
/content/CREMA-D/Happy/1086_ITS_HAP_XX.flv,Happy
/content/CREMA-D/Happy/1086_IEO_HAP_MD.flv,Happy
/content/CREMA-D/Happy/1055_DFA_HAP_XX.flv,Happy
/content/CREMA-D/Happy/1002_ITS_HAP_XX.flv,Happy
/content/CREMA-D/Happy/1067_ITH_HAP_XX.flv,Happy
/content/CREMA-D/Happy/1068_TAI_HAP_XX.flv,Happy
/content/CREMA-D/Happy/1040_TAI_HAP_XX.flv,Happy
/content/CREMA-D/Happy/1072_TSI_HAP_XX.flv,Happy
/content/CREMA-D/Happy/1005_IEO_HAP_HI.flv,Happy
/content/CREMA-D/Happy/1028_IEO_HAP_HI.flv,Happy
/content/CREMA-D/Happy/1087_IOM_HAP_XX.flv,Happy
/content/CREMA-D/Happy/1013_WSI_HAP_XX.flv,Happy
/content/CREMA-D/Happy/1032_TAI_HAP_XX.flv,Happy
/content/CREMA-D/Happy/1051_WSI_HAP_XX.flv,Happy
/content/CREMA-D/Happy/1021_IEO_HAP_MD.flv,Happy
/content/CREMA-D/Happy/1033_ITS_HAP_XX.flv,Happy
/content/CREMA-D/Happy/1042_DFA_HAP_XX.flv,Happy
/content/CREMA-D/Happy/1031_IEO_HAP_MD.flv,Happy
/content/CREMA-D/Happy/1078_IWW_HAP_XX.flv,Happy
/content/CREMA-D/Happy/1086_IOM_HAP_XX.flv,Happy
/content/CREMA-D/Happy/1033_IOM_HAP_XX.flv,Happy
/content/CREMA-D/Happy/1009_TIE_HAP_XX.flv,Happy
/content/CREMA-D/Happy/1045_IEO_HAP_HI.flv,Happy
/content/CREMA-D/Happy/1021_WSI_HAP_XX.flv,Happy
/content/CREMA-D/Happy/1059_ITS_HAP_XX.flv,Happy
/content/CREMA-D/Happy/1084_MTI_HAP_XX.flv,Happy
/content/CREMA-D/Happy/1065_IEO_HAP_MD.flv,Happy
/content/CREMA-D/Happy/1033_IEO_HAP_LO.flv,Happy
/content/CREMA-D/Happy/1022_IEO_HAP_HI.flv,Happy
/content/CREMA-D/Happy/1053_IWL_HAP_XX.flv,Happy
/content/CREMA-D/Happy/1003_IEO_HAP_MD.flv,Happy
/content/CREMA-D/Happy/1022_IWW_HAP_XX.flv,Happy
/content/CREMA-D/Happy/1052_IWW_HAP_XX.flv,Happy
/content/CREMA-D/Happy/1004_TAI_HAP_XX.flv,Happy
/content/CREMA-D/Happy/1080_TAI_HAP_XX.flv,Happy
/content/CREMA-D/Happy/1045_TAI_HAP_XX.flv,Happy
/content/CREMA-D/Happy/1059_WSI_HAP_XX.flv,Happy
/content/CREMA-D/Happy/1076_ITS_HAP_XX.flv,Happy
/content/CREMA-D/Happy/1088_IEO_HAP_HI.flv,Happy
/content/CREMA-D/Happy/1012_IOM_HAP_XX.flv,Happy
/content/CREMA-D/Happy/1052_TAI_HAP_XX.flv,Happy
/content/CREMA-D/Happy/1062_IWW_HAP_XX.flv,Happy
/content/CREMA-D/Happy/1069_IWW_HAP_XX.flv,Happy
/content/CREMA-D/Happy/1042_IEO_HAP_LO.flv,Happy
/content/CREMA-D/Happy/1051_MTI_HAP_XX.flv,Happy
/content/CREMA-D/Happy/1032_IEO_HAP_HI.flv,Happy
/content/CREMA-D/Happy/1074_TSI_HAP_XX.flv,Happy
/content/CREMA-D/Happy/1056_IEO_HAP_MD.flv,Happy
/content/CREMA-D/Happy/1003_MTI_HAP_XX.flv,Happy
/content/CREMA-D/Happy/1060_WSI_HAP_XX.flv,Happy
/content/CREMA-D/Happy/1037_TAI_HAP_XX.flv,Happy
/content/CREMA-D/Happy/1001_ITS_HAP_XX.flv,Happy
/content/CREMA-D/Happy/1039_MTI_HAP_XX.flv,Happy
/content/CREMA-D/Happy/1048_ITS_HAP_XX.flv,Happy
/content/CREMA-D/Happy/1076_WSI_HAP_XX.flv,Happy
/content/CREMA-D/Happy/1010_ITS_HAP_XX.flv,Happy
/content/CREMA-D/Happy/1054_TAI_HAP_XX.flv,Happy
/content/CREMA-D/Happy/1082_TAI_HAP_XX.flv,Happy
/content/CREMA-D/Happy/1071_TSI_HAP_XX.flv,Happy
/content/CREMA-D/Happy/1061_MTI_HAP_XX.flv,Happy
/content/CREMA-D/Happy/1076_MTI_HAP_XX.flv,Happy
/content/CREMA-D/Happy/1086_IEO_HAP_HI.flv,Happy
/content/CREMA-D/Happy/1090_IOM_HAP_XX.flv,Happy
/content/CREMA-D/Happy/1085_TAI_HAP_XX.flv,Happy
/content/CREMA-D/Happy/1023_IOM_HAP_XX.flv,Happy
/content/CREMA-D/Happy/1078_IEO_HAP_HI.flv,Happy
/content/CREMA-D/Happy/1016_IEO_HAP_LO.flv,Happy
/content/CREMA-D/Happy/1067_TIE_HAP_XX.flv,Happy
/content/CREMA-D/Happy/1054_ITH_HAP_XX.flv,Happy
/content/CREMA-D/Happy/1012_IWL_HAP_XX.flv,Happy
/content/CREMA-D/Happy/1080_TIE_HAP_XX.flv,Happy
/content/CREMA-D/Happy/1089_IWL_HAP_XX.flv,Happy
/content/CREMA-D/Happy/1005_IWW_HAP_XX.flv,Happy
/content/CREMA-D/Happy/1038_TAI_HAP_XX.flv,Happy
/content/CREMA-D/Happy/1091_TSI_HAP_XX.flv,Happy
/content/CREMA-D/Happy/1040_WSI_HAP_XX.flv,Happy
/content/CREMA-D/Happy/1011_TIE_HAP_XX.flv,Happy
/content/CREMA-D/Happy/1052_ITS_HAP_XX.flv,Happy
/content/CREMA-D/Happy/1048_ITH_HAP_XX.flv,Happy
/content/CREMA-D/Happy/1056_IEO_HAP_LO.flv,Happy
/content/CREMA-D/Happy/1032_ITS_HAP_XX.flv,Happy
/content/CREMA-D/Happy/1089_DFA_HAP_XX.flv,Happy
/content/CREMA-D/Happy/1062_IWL_HAP_XX.flv,Happy
/content/CREMA-D/Happy/1067_ITS_HAP_XX.flv,Happy
/content/CREMA-D/Happy/1087_DFA_HAP_XX.flv,Happy
/content/CREMA-D/Happy/1050_MTI_HAP_XX.flv,Happy
/content/CREMA-D/Happy/1051_TSI_HAP_XX.flv,Happy
/content/CREMA-D/Happy/1004_TSI_HAP_XX.flv,Happy
/content/CREMA-D/Happy/1057_TIE_HAP_XX.flv,Happy
/content/CREMA-D/Happy/1065_IOM_HAP_XX.flv,Happy
/content/CREMA-D/Happy/1017_IEO_HAP_MD.flv,Happy
/content/CREMA-D/Happy/1016_IWW_HAP_XX.flv,Happy
/content/CREMA-D/Happy/1056_WSI_HAP_XX.flv,Happy
/content/CREMA-D/Happy/1015_DFA_HAP_XX.flv,Happy
/content/CREMA-D/Happy/1085_TIE_HAP_XX.flv,Happy
/content/CREMA-D/Happy/1080_WSI_HAP_XX.flv,Happy
/content/CREMA-D/Happy/1059_MTI_HAP_XX.flv,Happy
/content/CREMA-D/Happy/1044_IEO_HAP_HI.flv,Happy
/content/CREMA-D/Happy/1028_IEO_HAP_MD.flv,Happy
/content/CREMA-D/Happy/1012_TSI_HAP_XX.flv,Happy
/content/CREMA-D/Happy/1081_IEO_HAP_MD.flv,Happy
/content/CREMA-D/Happy/1038_WSI_HAP_XX.flv,Happy
/content/CREMA-D/Happy/1072_WSI_HAP_XX.flv,Happy
/content/CREMA-D/Happy/1051_ITH_HAP_XX.flv,Happy
/content/CREMA-D/Happy/1017_TSI_HAP_XX.flv,Happy
/content/CREMA-D/Happy/1010_ITH_HAP_XX.flv,Happy
/content/CREMA-D/Happy/1062_TSI_HAP_XX.flv,Happy
/content/CREMA-D/Happy/1045_IWL_HAP_XX.flv,Happy
/content/CREMA-D/Happy/1039_ITS_HAP_XX.flv,Happy
/content/CREMA-D/Happy/1073_IEO_HAP_HI.flv,Happy
/content/CREMA-D/Happy/1088_IWW_HAP_XX.flv,Happy
/content/CREMA-D/Happy/1053_IEO_HAP_MD.flv,Happy
/content/CREMA-D/Happy/1080_ITH_HAP_XX.flv,Happy
/content/CREMA-D/Happy/1058_IWL_HAP_XX.flv,Happy
/content/CREMA-D/Happy/1014_IWW_HAP_XX.flv,Happy
/content/CREMA-D/Happy/1050_TSI_HAP_XX.flv,Happy
/content/CREMA-D/Happy/1014_TIE_HAP_XX.flv,Happy
/content/CREMA-D/Happy/1005_ITS_HAP_XX.flv,Happy
/content/CREMA-D/Happy/1023_IEO_HAP_HI.flv,Happy
/content/CREMA-D/Happy/1053_IEO_HAP_LO.flv,Happy
/content/CREMA-D/Happy/1013_ITS_HAP_XX.flv,Happy
/content/CREMA-D/Happy/1038_IEO_HAP_LO.flv,Happy
/content/CREMA-D/Happy/1089_TIE_HAP_XX.flv,Happy
/content/CREMA-D/Happy/1037_ITS_HAP_XX.flv,Happy
/content/CREMA-D/Happy/1011_ITS_HAP_XX.flv,Happy
/content/CREMA-D/Happy/1009_ITS_HAP_XX.flv,Happy
/content/CREMA-D/Happy/1005_ITH_HAP_XX.flv,Happy
/content/CREMA-D/Happy/1074_TAI_HAP_XX.flv,Happy
/content/CREMA-D/Happy/1086_TIE_HAP_XX.flv,Happy
/content/CREMA-D/Happy/1019_IEO_HAP_HI.flv,Happy
/content/CREMA-D/Happy/1085_IEO_HAP_MD.flv,Happy
/content/CREMA-D/Happy/1001_MTI_HAP_XX.flv,Happy
/content/CREMA-D/Happy/1025_IOM_HAP_XX.flv,Happy
/content/CREMA-D/Happy/1045_IEO_HAP_LO.flv,Happy
/content/CREMA-D/Happy/1047_IEO_HAP_HI.flv,Happy
/content/CREMA-D/Happy/1080_DFA_HAP_XX.flv,Happy
/content/CREMA-D/Happy/1081_IWW_HAP_XX.flv,Happy
/content/CREMA-D/Happy/1011_TSI_HAP_XX.flv,Happy
/content/CREMA-D/Happy/1070_IEO_HAP_LO.flv,Happy
/content/CREMA-D/Happy/1012_ITH_HAP_XX.flv,Happy
/content/CREMA-D/Happy/1060_TAI_HAP_XX.flv,Happy
/content/CREMA-D/Happy/1070_MTI_HAP_XX.flv,Happy
/content/CREMA-D/Happy/1019_IEO_HAP_MD.flv,Happy
/content/CREMA-D/Happy/1060_TIE_HAP_XX.flv,Happy
/content/CREMA-D/Happy/1058_ITH_HAP_XX.flv,Happy
/content/CREMA-D/Happy/1017_DFA_HAP_XX.flv,Happy
/content/CREMA-D/Happy/1039_DFA_HAP_XX.flv,Happy
/content/CREMA-D/Happy/1004_IOM_HAP_XX.flv,Happy
/content/CREMA-D/Happy/1009_IWL_HAP_XX.flv,Happy
/content/CREMA-D/Happy/1053_MTI_HAP_XX.flv,Happy
/content/CREMA-D/Happy/1057_DFA_HAP_XX.flv,Happy
/content/CREMA-D/Happy/1015_IEO_HAP_HI.flv,Happy
/content/CREMA-D/Happy/1047_ITS_HAP_XX.flv,Happy
/content/CREMA-D/Happy/1062_IOM_HAP_XX.flv,Happy
/content/CREMA-D/Happy/1008_IEO_HAP_HI.flv,Happy
/content/CREMA-D/Happy/1014_ITS_HAP_XX.flv,Happy
/content/CREMA-D/Happy/1075_IEO_HAP_MD.flv,Happy
/content/CREMA-D/Happy/1070_ITH_HAP_XX.flv,Happy
/content/CREMA-D/Happy/1053_IWW_HAP_XX.flv,Happy
/content/CREMA-D/Happy/1022_IOM_HAP_XX.flv,Happy
/content/CREMA-D/Happy/1083_IEO_HAP_HI.flv,Happy
/content/CREMA-D/Happy/1048_IEO_HAP_LO.flv,Happy
/content/CREMA-D/Happy/1039_TIE_HAP_XX.flv,Happy
/content/CREMA-D/Happy/1017_TAI_HAP_XX.flv,Happy
/content/CREMA-D/Happy/1088_TSI_HAP_XX.flv,Happy
/content/CREMA-D/Happy/1029_TAI_HAP_XX.flv,Happy
/content/CREMA-D/Happy/1056_IEO_HAP_HI.flv,Happy
/content/CREMA-D/Happy/1076_TAI_HAP_XX.flv,Happy
/content/CREMA-D/Happy/1049_DFA_HAP_XX.flv,Happy
/content/CREMA-D/Happy/1077_IEO_HAP_MD.flv,Happy
/content/CREMA-D/Happy/1006_TSI_HAP_XX.flv,Happy
/content/CREMA-D/Happy/1006_WSI_HAP_XX.flv,Happy
/content/CREMA-D/Happy/1046_IEO_HAP_LO.flv,Happy
/content/CREMA-D/Happy/1058_IOM_HAP_XX.flv,Happy
/content/CREMA-D/Happy/1066_IEO_HAP_MD.flv,Happy
/content/CREMA-D/Happy/1018_TSI_HAP_XX.flv,Happy
/content/CREMA-D/Happy/1087_IWW_HAP_XX.flv,Happy
/content/CREMA-D/Happy/1042_MTI_HAP_XX.flv,Happy
/content/CREMA-D/Happy/1003_TAI_HAP_XX.flv,Happy
/content/CREMA-D/Happy/1082_MTI_HAP_XX.flv,Happy
/content/CREMA-D/Happy/1005_IWL_HAP_XX.flv,Happy
/content/CREMA-D/Happy/1037_IWL_HAP_XX.flv,Happy
/content/CREMA-D/Happy/1076_IEO_HAP_HI.flv,Happy
/content/CREMA-D/Happy/1044_ITH_HAP_XX.flv,Happy
/content/CREMA-D/Happy/1075_TIE_HAP_XX.flv,Happy
/content/CREMA-D/Happy/1026_IWL_HAP_XX.flv,Happy
/content/CREMA-D/Happy/1004_MTI_HAP_XX.flv,Happy
/content/CREMA-D/Happy/1043_IEO_HAP_HI.flv,Happy
/content/CREMA-D/Happy/1030_TIE_HAP_XX.flv,Happy
/content/CREMA-D/Happy/1050_WSI_HAP_XX.flv,Happy
/content/CREMA-D/Happy/1070_IWL_HAP_XX.flv,Happy
/content/CREMA-D/Happy/1007_IWL_HAP_XX.flv,Happy
/content/CREMA-D/Happy/1078_IOM_HAP_XX.flv,Happy
/content/CREMA-D/Happy/1031_ITS_HAP_XX.flv,Happy
/content/CREMA-D/Happy/1066_WSI_HAP_XX.flv,Happy
/content/CREMA-D/Happy/1030_IEO_HAP_LO.flv,Happy
/content/CREMA-D/Happy/1061_TAI_HAP_XX.flv,Happy
/content/CREMA-D/Happy/1088_IEO_HAP_MD.flv,Happy
/content/CREMA-D/Happy/1057_ITS_HAP_XX.flv,Happy
/content/CREMA-D/Happy/1080_MTI_HAP_XX.flv,Happy
/content/CREMA-D/Happy/1043_MTI_HAP_XX.flv,Happy
/content/CREMA-D/Happy/1028_TAI_HAP_XX.flv,Happy
/content/CREMA-D/Happy/1062_IEO_HAP_HI.flv,Happy
/content/CREMA-D/Happy/1091_IEO_HAP_MD.flv,Happy
/content/CREMA-D/Happy/1070_TAI_HAP_XX.flv,Happy
/content/CREMA-D/Happy/1032_IOM_HAP_XX.flv,Happy
/content/CREMA-D/Happy/1019_DFA_HAP_XX.flv,Happy
/content/CREMA-D/Happy/1014_IWL_HAP_XX.flv,Happy
/content/CREMA-D/Happy/1010_TAI_HAP_XX.flv,Happy
/content/CREMA-D/Happy/1085_WSI_HAP_XX.flv,Happy
/content/CREMA-D/Happy/1022_TAI_HAP_XX.flv,Happy
/content/CREMA-D/Happy/1044_TSI_HAP_XX.flv,Happy
/content/CREMA-D/Happy/1003_ITS_HAP_XX.flv,Happy
/content/CREMA-D/Happy/1040_DFA_HAP_XX.flv,Happy
/content/CREMA-D/Happy/1043_TSI_HAP_XX.flv,Happy
/content/CREMA-D/Happy/1006_ITS_HAP_XX.flv,Happy
/content/CREMA-D/Happy/1077_TIE_HAP_XX.flv,Happy
/content/CREMA-D/Happy/1018_IOM_HAP_XX.flv,Happy
/content/CREMA-D/Happy/1062_ITS_HAP_XX.flv,Happy
/content/CREMA-D/Happy/1045_ITH_HAP_XX.flv,Happy
/content/CREMA-D/Happy/1063_IWL_HAP_XX.flv,Happy
/content/CREMA-D/Happy/1079_MTI_HAP_XX.flv,Happy
/content/CREMA-D/Happy/1083_IWL_HAP_XX.flv,Happy
/content/CREMA-D/Happy/1023_IWW_HAP_XX.flv,Happy
/content/CREMA-D/Happy/1091_MTI_HAP_XX.flv,Happy
/content/CREMA-D/Happy/1033_TAI_HAP_XX.flv,Happy
/content/CREMA-D/Happy/1051_TAI_HAP_XX.flv,Happy
/content/CREMA-D/Happy/1034_IEO_HAP_HI.flv,Happy
/content/CREMA-D/Happy/1071_IWL_HAP_XX.flv,Happy
/content/CREMA-D/Happy/1075_IEO_HAP_HI.flv,Happy
/content/CREMA-D/Happy/1003_IEO_HAP_LO.flv,Happy
/content/CREMA-D/Happy/1080_IEO_HAP_HI.flv,Happy
/content/CREMA-D/Happy/1050_TIE_HAP_XX.flv,Happy
/content/CREMA-D/Happy/1073_TIE_HAP_XX.flv,Happy
/content/CREMA-D/Happy/1084_TAI_HAP_XX.flv,Happy
/content/CREMA-D/Happy/1051_IWL_HAP_XX.flv,Happy
/content/CREMA-D/Happy/1031_IEO_HAP_HI.flv,Happy
/content/CREMA-D/Happy/1040_IWW_HAP_XX.flv,Happy
/content/CREMA-D/Happy/1031_IWW_HAP_XX.flv,Happy
/content/CREMA-D/Happy/1055_WSI_HAP_XX.flv,Happy
/content/CREMA-D/Happy/1048_MTI_HAP_XX.flv,Happy
/content/CREMA-D/Happy/1009_IEO_HAP_MD.flv,Happy
/content/CREMA-D/Happy/1008_ITH_HAP_XX.flv,Happy
/content/CREMA-D/Happy/1088_ITS_HAP_XX.flv,Happy
/content/CREMA-D/Happy/1009_ITH_HAP_XX.flv,Happy
/content/CREMA-D/Happy/1074_ITS_HAP_XX.flv,Happy
/content/CREMA-D/Happy/1029_TSI_HAP_XX.flv,Happy
/content/CREMA-D/Happy/1012_ITS_HAP_XX.flv,Happy
/content/CREMA-D/Happy/1062_ITH_HAP_XX.flv,Happy
/content/CREMA-D/Happy/1060_IEO_HAP_LO.flv,Happy
/content/CREMA-D/Happy/1075_IOM_HAP_XX.flv,Happy
/content/CREMA-D/Happy/1055_IEO_HAP_MD.flv,Happy
/content/CREMA-D/Happy/1052_TIE_HAP_XX.flv,Happy
/content/CREMA-D/Happy/1030_ITS_HAP_XX.flv,Happy
/content/CREMA-D/Happy/1048_IEO_HAP_HI.flv,Happy
/content/CREMA-D/Happy/1014_DFA_HAP_XX.flv,Happy
/content/CREMA-D/Happy/1074_IEO_HAP_HI.flv,Happy
/content/CREMA-D/Happy/1035_IOM_HAP_XX.flv,Happy
/content/CREMA-D/Happy/1018_ITH_HAP_XX.flv,Happy
/content/CREMA-D/Happy/1023_TSI_HAP_XX.flv,Happy
/content/CREMA-D/Happy/1075_IWW_HAP_XX.flv,Happy
/content/CREMA-D/Happy/1028_ITH_HAP_XX.flv,Happy
/content/CREMA-D/Happy/1038_IWL_HAP_XX.flv,Happy
/content/CREMA-D/Happy/1008_IEO_HAP_LO.flv,Happy
/content/CREMA-D/Happy/1004_TIE_HAP_XX.flv,Happy
/content/CREMA-D/Happy/1049_TSI_HAP_XX.flv,Happy
/content/CREMA-D/Happy/1018_TAI_HAP_XX.flv,Happy
/content/CREMA-D/Happy/1086_DFA_HAP_XX.flv,Happy
/content/CREMA-D/Happy/1015_TAI_HAP_XX.flv,Happy
/content/CREMA-D/Happy/1024_IEO_HAP_HI.flv,Happy
/content/CREMA-D/Happy/1061_ITS_HAP_XX.flv,Happy
/content/CREMA-D/Happy/1044_MTI_HAP_XX.flv,Happy
/content/CREMA-D/Happy/1034_TIE_HAP_XX.flv,Happy
/content/CREMA-D/Happy/1013_IWW_HAP_XX.flv,Happy
/content/CREMA-D/Happy/1066_ITH_HAP_XX.flv,Happy
/content/CREMA-D/Happy/1088_TAI_HAP_XX.flv,Happy
/content/CREMA-D/Happy/1011_MTI_HAP_XX.flv,Happy
/content/CREMA-D/Neutral/1048_ITS_NEU_XX.flv,Neutral
/content/CREMA-D/Neutral/1017_TAI_NEU_XX.flv,Neutral
/content/CREMA-D/Neutral/1006_TAI_NEU_XX.flv,Neutral
/content/CREMA-D/Neutral/1020_IWL_NEU_XX.flv,Neutral
/content/CREMA-D/Neutral/1052_ITH_NEU_XX.flv,Neutral
/content/CREMA-D/Neutral/1086_TAI_NEU_XX.flv,Neutral
/content/CREMA-D/Neutral/1005_IOM_NEU_XX.flv,Neutral
/content/CREMA-D/Neutral/1071_TAI_NEU_XX.flv,Neutral
/content/CREMA-D/Neutral/1016_TIE_NEU_XX.flv,Neutral
/content/CREMA-D/Neutral/1087_IOM_NEU_XX.flv,Neutral
/content/CREMA-D/Neutral/1013_IWL_NEU_XX.flv,Neutral
/content/CREMA-D/Neutral/1013_TSI_NEU_XX.flv,Neutral
/content/CREMA-D/Neutral/1019_IWL_NEU_XX.flv,Neutral
/content/CREMA-D/Neutral/1003_ITH_NEU_XX.flv,Neutral
/content/CREMA-D/Neutral/1005_MTI_NEU_XX.flv,Neutral
/content/CREMA-D/Neutral/1028_TIE_NEU_XX.flv,Neutral
/content/CREMA-D/Neutral/1065_ITS_NEU_XX.flv,Neutral
/content/CREMA-D/Neutral/1037_IWL_NEU_XX.flv,Neutral
/content/CREMA-D/Neutral/1007_DFA_NEU_XX.flv,Neutral
/content/CREMA-D/Neutral/1018_MTI_NEU_XX.flv,Neutral
/content/CREMA-D/Neutral/1034_IOM_NEU_XX.flv,Neutral
/content/CREMA-D/Neutral/1074_MTI_NEU_XX.flv,Neutral
/content/CREMA-D/Neutral/1036_ITS_NEU_XX.flv,Neutral
/content/CREMA-D/Neutral/1003_IOM_NEU_XX.flv,Neutral
/content/CREMA-D/Neutral/1029_MTI_NEU_XX.flv,Neutral
/content/CREMA-D/Neutral/1090_IWW_NEU_XX.flv,Neutral
/content/CREMA-D/Neutral/1057_ITH_NEU_XX.flv,Neutral
/content/CREMA-D/Neutral/1035_IEO_NEU_XX.flv,Neutral
/content/CREMA-D/Neutral/1016_WSI_NEU_XX.flv,Neutral
/content/CREMA-D/Neutral/1047_ITS_NEU_XX.flv,Neutral
/content/CREMA-D/Neutral/1051_MTI_NEU_XX.flv,Neutral
/content/CREMA-D/Neutral/1087_DFA_NEU_XX.flv,Neutral
/content/CREMA-D/Neutral/1035_IWL_NEU_XX.flv,Neutral
/content/CREMA-D/Neutral/1070_TSI_NEU_XX.flv,Neutral
/content/CREMA-D/Neutral/1037_ITS_NEU_XX.flv,Neutral
/content/CREMA-D/Neutral/1060_IWL_NEU_XX.flv,Neutral
/content/CREMA-D/Neutral/1066_IWL_NEU_XX.flv,Neutral
/content/CREMA-D/Neutral/1064_DFA_NEU_XX.flv,Neutral
/content/CREMA-D/Neutral/1002_ITS_NEU_XX.flv,Neutral
/content/CREMA-D/Neutral/1037_TIE_NEU_XX.flv,Neutral
/content/CREMA-D/Neutral/1011_TIE_NEU_XX.flv,Neutral
/content/CREMA-D/Neutral/1056_IOM_NEU_XX.flv,Neutral
/content/CREMA-D/Neutral/1016_TSI_NEU_XX.flv,Neutral
/content/CREMA-D/Neutral/1015_ITS_NEU_XX.flv,Neutral
/content/CREMA-D/Neutral/1089_ITS_NEU_XX.flv,Neutral
/content/CREMA-D/Neutral/1085_TIE_NEU_XX.flv,Neutral
/content/CREMA-D/Neutral/1012_TIE_NEU_XX.flv,Neutral
/content/CREMA-D/Neutral/1055_TAI_NEU_XX.flv,Neutral
/content/CREMA-D/Neutral/1074_IWL_NEU_XX.flv,Neutral
/content/CREMA-D/Neutral/1044_IWW_NEU_XX.flv,Neutral
/content/CREMA-D/Neutral/1042_IOM_NEU_XX.flv,Neutral
/content/CREMA-D/Neutral/1062_IWW_NEU_XX.flv,Neutral
/content/CREMA-D/Neutral/1009_IWL_NEU_XX.flv,Neutral
/content/CREMA-D/Neutral/1058_TSI_NEU_XX.flv,Neutral
/content/CREMA-D/Neutral/1006_TIE_NEU_XX.flv,Neutral
/content/CREMA-D/Neutral/1086_ITH_NEU_XX.flv,Neutral
/content/CREMA-D/Neutral/1009_DFA_NEU_XX.flv,Neutral
/content/CREMA-D/Neutral/1024_TSI_NEU_XX.flv,Neutral
/content/CREMA-D/Neutral/1051_TSI_NEU_XX.flv,Neutral
/content/CREMA-D/Neutral/1045_IOM_NEU_XX.flv,Neutral
/content/CREMA-D/Neutral/1027_DFA_NEU_XX.flv,Neutral
/content/CREMA-D/Neutral/1086_TIE_NEU_XX.flv,Neutral
/content/CREMA-D/Neutral/1009_WSI_NEU_XX.flv,Neutral
/content/CREMA-D/Neutral/1019_IEO_NEU_XX.flv,Neutral
/content/CREMA-D/Neutral/1069_IEO_NEU_XX.flv,Neutral
/content/CREMA-D/Neutral/1016_ITH_NEU_XX.flv,Neutral
/content/CREMA-D/Neutral/1067_IOM_NEU_XX.flv,Neutral
/content/CREMA-D/Neutral/1033_WSI_NEU_XX.flv,Neutral
/content/CREMA-D/Neutral/1091_WSI_NEU_XX.flv,Neutral
/content/CREMA-D/Neutral/1068_IWW_NEU_XX.flv,Neutral
/content/CREMA-D/Neutral/1081_TSI_NEU_XX.flv,Neutral
/content/CREMA-D/Neutral/1083_ITH_NEU_XX.flv,Neutral
/content/CREMA-D/Neutral/1056_MTI_NEU_XX.flv,Neutral
/content/CREMA-D/Neutral/1036_WSI_NEU_XX.flv,Neutral
/content/CREMA-D/Neutral/1058_TIE_NEU_XX.flv,Neutral
/content/CREMA-D/Neutral/1044_TIE_NEU_XX.flv,Neutral
/content/CREMA-D/Neutral/1045_IWW_NEU_XX.flv,Neutral
/content/CREMA-D/Neutral/1034_TAI_NEU_XX.flv,Neutral
/content/CREMA-D/Neutral/1046_IOM_NEU_XX.flv,Neutral
/content/CREMA-D/Neutral/1061_ITS_NEU_XX.flv,Neutral
/content/CREMA-D/Neutral/1030_TIE_NEU_XX.flv,Neutral
/content/CREMA-D/Neutral/1058_IWL_NEU_XX.flv,Neutral
/content/CREMA-D/Neutral/1019_IWW_NEU_XX.flv,Neutral
/content/CREMA-D/Neutral/1074_ITS_NEU_XX.flv,Neutral
/content/CREMA-D/Neutral/1091_IEO_NEU_XX.flv,Neutral
/content/CREMA-D/Neutral/1036_TIE_NEU_XX.flv,Neutral
/content/CREMA-D/Neutral/1010_IEO_NEU_XX.flv,Neutral
/content/CREMA-D/Neutral/1077_IOM_NEU_XX.flv,Neutral
/content/CREMA-D/Neutral/1074_TIE_NEU_XX.flv,Neutral
/content/CREMA-D/Neutral/1029_IWW_NEU_XX.flv,Neutral
/content/CREMA-D/Neutral/1038_IWL_NEU_XX.flv,Neutral
/content/CREMA-D/Neutral/1025_IWW_NEU_XX.flv,Neutral
/content/CREMA-D/Neutral/1053_WSI_NEU_XX.flv,Neutral
/content/CREMA-D/Neutral/1080_DFA_NEU_XX.flv,Neutral
/content/CREMA-D/Neutral/1022_MTI_NEU_XX.flv,Neutral
/content/CREMA-D/Neutral/1062_IWL_NEU_XX.flv,Neutral
/content/CREMA-D/Neutral/1080_WSI_NEU_XX.flv,Neutral
/content/CREMA-D/Neutral/1065_DFA_NEU_XX.flv,Neutral
/content/CREMA-D/Neutral/1038_TAI_NEU_XX.flv,Neutral
/content/CREMA-D/Neutral/1044_IWL_NEU_XX.flv,Neutral
/content/CREMA-D/Neutral/1053_TSI_NEU_XX.flv,Neutral
/content/CREMA-D/Neutral/1002_IWL_NEU_XX.flv,Neutral
/content/CREMA-D/Neutral/1004_IWW_NEU_XX.flv,Neutral
/content/CREMA-D/Neutral/1034_IEO_NEU_XX.flv,Neutral
/content/CREMA-D/Neutral/1066_TSI_NEU_XX.flv,Neutral
/content/CREMA-D/Neutral/1066_ITH_NEU_XX.flv,Neutral
/content/CREMA-D/Neutral/1072_IOM_NEU_XX.flv,Neutral
/content/CREMA-D/Neutral/1028_TSI_NEU_XX.flv,Neutral
/content/CREMA-D/Neutral/1030_IWW_NEU_XX.flv,Neutral
/content/CREMA-D/Neutral/1067_IWL_NEU_XX.flv,Neutral
/content/CREMA-D/Neutral/1056_IWL_NEU_XX.flv,Neutral
/content/CREMA-D/Neutral/1090_ITS_NEU_XX.flv,Neutral
/content/CREMA-D/Neutral/1034_DFA_NEU_XX.flv,Neutral
/content/CREMA-D/Neutral/1066_IWW_NEU_XX.flv,Neutral
/content/CREMA-D/Neutral/1081_ITS_NEU_XX.flv,Neutral
/content/CREMA-D/Neutral/1061_IOM_NEU_XX.flv,Neutral
/content/CREMA-D/Neutral/1084_IEO_NEU_XX.flv,Neutral
/content/CREMA-D/Neutral/1046_ITH_NEU_XX.flv,Neutral
/content/CREMA-D/Neutral/1022_IWW_NEU_XX.flv,Neutral
/content/CREMA-D/Neutral/1047_TIE_NEU_XX.flv,Neutral
/content/CREMA-D/Neutral/1053_IWW_NEU_XX.flv,Neutral
/content/CREMA-D/Neutral/1042_ITH_NEU_XX.flv,Neutral
/content/CREMA-D/Neutral/1071_TSI_NEU_XX.flv,Neutral
/content/CREMA-D/Neutral/1083_DFA_NEU_XX.flv,Neutral
/content/CREMA-D/Neutral/1063_IEO_NEU_XX.flv,Neutral
/content/CREMA-D/Neutral/1018_IOM_NEU_XX.flv,Neutral
/content/CREMA-D/Neutral/1070_ITS_NEU_XX.flv,Neutral
/content/CREMA-D/Neutral/1078_TIE_NEU_XX.flv,Neutral
/content/CREMA-D/Neutral/1002_IWW_NEU_XX.flv,Neutral
/content/CREMA-D/Neutral/1087_TAI_NEU_XX.flv,Neutral
/content/CREMA-D/Neutral/1079_WSI_NEU_XX.flv,Neutral
/content/CREMA-D/Neutral/1084_TSI_NEU_XX.flv,Neutral
/content/CREMA-D/Neutral/1030_IWL_NEU_XX.flv,Neutral
/content/CREMA-D/Neutral/1083_ITS_NEU_XX.flv,Neutral
/content/CREMA-D/Neutral/1087_TIE_NEU_XX.flv,Neutral
/content/CREMA-D/Neutral/1028_IWW_NEU_XX.flv,Neutral
/content/CREMA-D/Neutral/1074_IEO_NEU_XX.flv,Neutral
/content/CREMA-D/Neutral/1036_TSI_NEU_XX.flv,Neutral
/content/CREMA-D/Neutral/1003_DFA_NEU_XX.flv,Neutral
/content/CREMA-D/Neutral/1035_ITS_NEU_XX.flv,Neutral
/content/CREMA-D/Neutral/1004_IEO_NEU_XX.flv,Neutral
/content/CREMA-D/Neutral/1033_ITH_NEU_XX.flv,Neutral
/content/CREMA-D/Neutral/1064_TIE_NEU_XX.flv,Neutral
/content/CREMA-D/Neutral/1053_IWL_NEU_XX.flv,Neutral
/content/CREMA-D/Neutral/1085_MTI_NEU_XX.flv,Neutral
/content/CREMA-D/Neutral/1013_WSI_NEU_XX.flv,Neutral
/content/CREMA-D/Neutral/1083_TSI_NEU_XX.flv,Neutral
/content/CREMA-D/Neutral/1050_IWW_NEU_XX.flv,Neutral
/content/CREMA-D/Neutral/1051_TIE_NEU_XX.flv,Neutral
/content/CREMA-D/Neutral/1055_IOM_NEU_XX.flv,Neutral
/content/CREMA-D/Neutral/1044_WSI_NEU_XX.flv,Neutral
/content/CREMA-D/Neutral/1032_TSI_NEU_XX.flv,Neutral
/content/CREMA-D/Neutral/1083_IEO_NEU_XX.flv,Neutral
/content/CREMA-D/Neutral/1070_MTI_NEU_XX.flv,Neutral
/content/CREMA-D/Neutral/1048_IOM_NEU_XX.flv,Neutral
/content/CREMA-D/Neutral/1035_TAI_NEU_XX.flv,Neutral
/content/CREMA-D/Neutral/1077_MTI_NEU_XX.flv,Neutral
/content/CREMA-D/Neutral/1072_IWL_NEU_XX.flv,Neutral
/content/CREMA-D/Neutral/1027_MTI_NEU_XX.flv,Neutral
/content/CREMA-D/Neutral/1043_IWW_NEU_XX.flv,Neutral
/content/CREMA-D/Neutral/1017_WSI_NEU_XX.flv,Neutral
/content/CREMA-D/Neutral/1070_ITH_NEU_XX.flv,Neutral
/content/CREMA-D/Neutral/1032_IOM_NEU_XX.flv,Neutral
/content/CREMA-D/Neutral/1051_IOM_NEU_XX.flv,Neutral
/content/CREMA-D/Neutral/1028_TAI_NEU_XX.flv,Neutral
/content/CREMA-D/Neutral/1004_WSI_NEU_XX.flv,Neutral
/content/CREMA-D/Neutral/1011_ITH_NEU_XX.flv,Neutral
/content/CREMA-D/Neutral/1025_DFA_NEU_XX.flv,Neutral
/content/CREMA-D/Neutral/1030_ITS_NEU_XX.flv,Neutral
/content/CREMA-D/Neutral/1082_TAI_NEU_XX.flv,Neutral
/content/CREMA-D/Neutral/1079_TAI_NEU_XX.flv,Neutral
/content/CREMA-D/Neutral/1021_IWW_NEU_XX.flv,Neutral
/content/CREMA-D/Neutral/1064_WSI_NEU_XX.flv,Neutral
/content/CREMA-D/Neutral/1063_IOM_NEU_XX.flv,Neutral
/content/CREMA-D/Neutral/1089_DFA_NEU_XX.flv,Neutral
/content/CREMA-D/Neutral/1026_TAI_NEU_XX.flv,Neutral
/content/CREMA-D/Neutral/1019_TSI_NEU_XX.flv,Neutral
/content/CREMA-D/Neutral/1062_ITH_NEU_XX.flv,Neutral
/content/CREMA-D/Neutral/1061_TAI_NEU_XX.flv,Neutral
/content/CREMA-D/Neutral/1034_IWW_NEU_XX.flv,Neutral
/content/CREMA-D/Neutral/1032_IWW_NEU_XX.flv,Neutral
/content/CREMA-D/Neutral/1087_TSI_NEU_XX.flv,Neutral
/content/CREMA-D/Neutral/1065_TIE_NEU_XX.flv,Neutral
/content/CREMA-D/Neutral/1003_TAI_NEU_XX.flv,Neutral
/content/CREMA-D/Neutral/1031_IWL_NEU_XX.flv,Neutral
/content/CREMA-D/Neutral/1077_TSI_NEU_XX.flv,Neutral
/content/CREMA-D/Neutral/1082_TSI_NEU_XX.flv,Neutral
/content/CREMA-D/Neutral/1052_ITS_NEU_XX.flv,Neutral
/content/CREMA-D/Neutral/1050_ITH_NEU_XX.flv,Neutral
/content/CREMA-D/Neutral/1021_TAI_NEU_XX.flv,Neutral
/content/CREMA-D/Neutral/1011_DFA_NEU_XX.flv,Neutral
/content/CREMA-D/Neutral/1070_TAI_NEU_XX.flv,Neutral
/content/CREMA-D/Neutral/1077_ITS_NEU_XX.flv,Neutral
/content/CREMA-D/Neutral/1069_MTI_NEU_XX.flv,Neutral
/content/CREMA-D/Neutral/1022_IOM_NEU_XX.flv,Neutral
/content/CREMA-D/Neutral/1037_DFA_NEU_XX.flv,Neutral
/content/CREMA-D/Neutral/1031_IWW_NEU_XX.flv,Neutral
/content/CREMA-D/Neutral/1031_MTI_NEU_XX.flv,Neutral
/content/CREMA-D/Neutral/1002_MTI_NEU_XX.flv,Neutral
/content/CREMA-D/Neutral/1070_IWL_NEU_XX.flv,Neutral
/content/CREMA-D/Neutral/1068_TIE_NEU_XX.flv,Neutral
/content/CREMA-D/Neutral/1025_TSI_NEU_XX.flv,Neutral
/content/CREMA-D/Neutral/1051_IEO_NEU_XX.flv,Neutral
/content/CREMA-D/Neutral/1007_MTI_NEU_XX.flv,Neutral
/content/CREMA-D/Neutral/1081_TAI_NEU_XX.flv,Neutral
/content/CREMA-D/Neutral/1085_ITS_NEU_XX.flv,Neutral
/content/CREMA-D/Neutral/1060_ITH_NEU_XX.flv,Neutral
/content/CREMA-D/Neutral/1045_IWL_NEU_XX.flv,Neutral
/content/CREMA-D/Neutral/1024_TIE_NEU_XX.flv,Neutral
/content/CREMA-D/Neutral/1013_ITS_NEU_XX.flv,Neutral
/content/CREMA-D/Neutral/1017_TSI_NEU_XX.flv,Neutral
/content/CREMA-D/Neutral/1056_DFA_NEU_XX.flv,Neutral
/content/CREMA-D/Neutral/1062_DFA_NEU_XX.flv,Neutral
/content/CREMA-D/Neutral/1075_IWW_NEU_XX.flv,Neutral
/content/CREMA-D/Neutral/1057_IOM_NEU_XX.flv,Neutral
/content/CREMA-D/Neutral/1022_WSI_NEU_XX.flv,Neutral
/content/CREMA-D/Neutral/1046_MTI_NEU_XX.flv,Neutral
/content/CREMA-D/Neutral/1014_IWW_NEU_XX.flv,Neutral
/content/CREMA-D/Neutral/1076_TSI_NEU_XX.flv,Neutral
/content/CREMA-D/Neutral/1017_DFA_NEU_XX.flv,Neutral
/content/CREMA-D/Neutral/1080_ITS_NEU_XX.flv,Neutral
/content/CREMA-D/Neutral/1001_ITS_NEU_XX.flv,Neutral
/content/CREMA-D/Neutral/1020_WSI_NEU_XX.flv,Neutral
/content/CREMA-D/Neutral/1041_ITH_NEU_XX.flv,Neutral
/content/CREMA-D/Neutral/1026_TIE_NEU_XX.flv,Neutral
/content/CREMA-D/Neutral/1021_MTI_NEU_XX.flv,Neutral
/content/CREMA-D/Neutral/1016_IEO_NEU_XX.flv,Neutral
/content/CREMA-D/Neutral/1064_TAI_NEU_XX.flv,Neutral
/content/CREMA-D/Neutral/1035_TSI_NEU_XX.flv,Neutral
/content/CREMA-D/Neutral/1017_MTI_NEU_XX.flv,Neutral
/content/CREMA-D/Neutral/1069_ITH_NEU_XX.flv,Neutral
/content/CREMA-D/Neutral/1025_IOM_NEU_XX.flv,Neutral
/content/CREMA-D/Neutral/1071_IEO_NEU_XX.flv,Neutral
/content/CREMA-D/Neutral/1062_TIE_NEU_XX.flv,Neutral
/content/CREMA-D/Neutral/1065_MTI_NEU_XX.flv,Neutral
/content/CREMA-D/Neutral/1023_MTI_NEU_XX.flv,Neutral
/content/CREMA-D/Neutral/1033_ITS_NEU_XX.flv,Neutral
/content/CREMA-D/Neutral/1021_DFA_NEU_XX.flv,Neutral
/content/CREMA-D/Neutral/1064_IEO_NEU_XX.flv,Neutral
/content/CREMA-D/Neutral/1079_IOM_NEU_XX.flv,Neutral
/content/CREMA-D/Neutral/1010_TIE_NEU_XX.flv,Neutral
/content/CREMA-D/Neutral/1008_ITH_NEU_XX.flv,Neutral
/content/CREMA-D/Neutral/1089_TSI_NEU_XX.flv,Neutral
/content/CREMA-D/Neutral/1041_TIE_NEU_XX.flv,Neutral
/content/CREMA-D/Neutral/1024_IWW_NEU_XX.flv,Neutral
/content/CREMA-D/Neutral/1089_TAI_NEU_XX.flv,Neutral
/content/CREMA-D/Neutral/1076_IEO_NEU_XX.flv,Neutral
/content/CREMA-D/Neutral/1053_TAI_NEU_XX.flv,Neutral
/content/CREMA-D/Neutral/1040_TIE_NEU_XX.flv,Neutral
/content/CREMA-D/Neutral/1086_MTI_NEU_XX.flv,Neutral
/content/CREMA-D/Neutral/1021_IEO_NEU_XX.flv,Neutral
/content/CREMA-D/Neutral/1067_TAI_NEU_XX.flv,Neutral
/content/CREMA-D/Neutral/1003_WSI_NEU_XX.flv,Neutral
/content/CREMA-D/Neutral/1034_ITS_NEU_XX.flv,Neutral
/content/CREMA-D/Neutral/1054_TAI_NEU_XX.flv,Neutral
/content/CREMA-D/Neutral/1052_MTI_NEU_XX.flv,Neutral
/content/CREMA-D/Neutral/1044_IEO_NEU_XX.flv,Neutral
/content/CREMA-D/Neutral/1044_TAI_NEU_XX.flv,Neutral
/content/CREMA-D/Neutral/1053_ITS_NEU_XX.flv,Neutral
/content/CREMA-D/Neutral/1079_MTI_NEU_XX.flv,Neutral
/content/CREMA-D/Neutral/1060_TAI_NEU_XX.flv,Neutral
/content/CREMA-D/Neutral/1059_IEO_NEU_XX.flv,Neutral
/content/CREMA-D/Neutral/1072_MTI_NEU_XX.flv,Neutral
/content/CREMA-D/Neutral/1060_DFA_NEU_XX.flv,Neutral
/content/CREMA-D/Neutral/1072_WSI_NEU_XX.flv,Neutral
/content/CREMA-D/Neutral/1012_ITS_NEU_XX.flv,Neutral
/content/CREMA-D/Neutral/1080_MTI_NEU_XX.flv,Neutral
/content/CREMA-D/Neutral/1040_IWL_NEU_XX.flv,Neutral
/content/CREMA-D/Neutral/1018_IWW_NEU_XX.flv,Neutral
/content/CREMA-D/Neutral/1059_ITS_NEU_XX.flv,Neutral
/content/CREMA-D/Neutral/1045_TSI_NEU_XX.flv,Neutral
/content/CREMA-D/Neutral/1043_IOM_NEU_XX.flv,Neutral
/content/CREMA-D/Sad/1049_TSI_SAD_XX.flv,Sad
/content/CREMA-D/Sad/1029_IEO_SAD_LO.flv,Sad
/content/CREMA-D/Sad/1009_IWW_SAD_XX.flv,Sad
/content/CREMA-D/Sad/1063_DFA_SAD_XX.flv,Sad
/content/CREMA-D/Sad/1090_ITH_SAD_XX.flv,Sad
/content/CREMA-D/Sad/1006_IWL_SAD_XX.flv,Sad
/content/CREMA-D/Sad/1048_MTI_SAD_XX.flv,Sad
/content/CREMA-D/Sad/1076_WSI_SAD_XX.flv,Sad
/content/CREMA-D/Sad/1064_ITH_SAD_XX.flv,Sad
/content/CREMA-D/Sad/1002_MTI_SAD_XX.flv,Sad
/content/CREMA-D/Sad/1051_ITS_SAD_XX.flv,Sad
/content/CREMA-D/Sad/1065_ITH_SAD_XX.flv,Sad
/content/CREMA-D/Sad/1032_IWW_SAD_XX.flv,Sad
/content/CREMA-D/Sad/1025_TSI_SAD_XX.flv,Sad
/content/CREMA-D/Sad/1036_IWW_SAD_XX.flv,Sad
/content/CREMA-D/Sad/1031_TSI_SAD_XX.flv,Sad
/content/CREMA-D/Sad/1011_MTI_SAD_XX.flv,Sad
/content/CREMA-D/Sad/1018_TIE_SAD_XX.flv,Sad
/content/CREMA-D/Sad/1046_DFA_SAD_XX.flv,Sad
/content/CREMA-D/Sad/1085_ITH_SAD_XX.flv,Sad
/content/CREMA-D/Sad/1039_WSI_SAD_XX.flv,Sad
/content/CREMA-D/Sad/1040_DFA_SAD_XX.flv,Sad
/content/CREMA-D/Sad/1048_IWW_SAD_XX.flv,Sad
/content/CREMA-D/Sad/1061_WSI_SAD_XX.flv,Sad
/content/CREMA-D/Sad/1062_ITH_SAD_XX.flv,Sad
/content/CREMA-D/Sad/1039_TSI_SAD_XX.flv,Sad
/content/CREMA-D/Sad/1001_IEO_SAD_MD.flv,Sad
/content/CREMA-D/Sad/1023_TIE_SAD_XX.flv,Sad
/content/CREMA-D/Sad/1060_IWL_SAD_XX.flv,Sad
/content/CREMA-D/Sad/1021_DFA_SAD_XX.flv,Sad
/content/CREMA-D/Sad/1081_TIE_SAD_XX.flv,Sad
/content/CREMA-D/Sad/1033_ITH_SAD_XX.flv,Sad
/content/CREMA-D/Sad/1006_IEO_SAD_MD.flv,Sad
/content/CREMA-D/Sad/1003_IEO_SAD_LO.flv,Sad
/content/CREMA-D/Sad/1057_IWL_SAD_XX.flv,Sad
/content/CREMA-D/Sad/1055_IWL_SAD_XX.flv,Sad
/content/CREMA-D/Sad/1054_IWW_SAD_XX.flv,Sad
/content/CREMA-D/Sad/1042_ITH_SAD_XX.flv,Sad
/content/CREMA-D/Sad/1017_TAI_SAD_XX.flv,Sad
/content/CREMA-D/Sad/1079_IEO_SAD_MD.flv,Sad
/content/CREMA-D/Sad/1023_IOM_SAD_XX.flv,Sad
/content/CREMA-D/Sad/1073_IEO_SAD_LO.flv,Sad
/content/CREMA-D/Sad/1014_TSI_SAD_XX.flv,Sad
/content/CREMA-D/Sad/1001_TSI_SAD_XX.flv,Sad
/content/CREMA-D/Sad/1044_IEO_SAD_MD.flv,Sad
/content/CREMA-D/Sad/1053_TIE_SAD_XX.flv,Sad
/content/CREMA-D/Sad/1021_TIE_SAD_XX.flv,Sad
/content/CREMA-D/Sad/1021_ITS_SAD_XX.flv,Sad
/content/CREMA-D/Sad/1001_IEO_SAD_HI.flv,Sad
/content/CREMA-D/Sad/1064_IEO_SAD_LO.flv,Sad
/content/CREMA-D/Sad/1045_IOM_SAD_XX.flv,Sad
/content/CREMA-D/Sad/1071_MTI_SAD_XX.flv,Sad
/content/CREMA-D/Sad/1065_DFA_SAD_XX.flv,Sad
/content/CREMA-D/Sad/1048_TAI_SAD_XX.flv,Sad
/content/CREMA-D/Sad/1013_ITS_SAD_XX.flv,Sad
/content/CREMA-D/Sad/1081_TSI_SAD_XX.flv,Sad
/content/CREMA-D/Sad/1038_IWW_SAD_XX.flv,Sad
/content/CREMA-D/Sad/1060_WSI_SAD_XX.flv,Sad
/content/CREMA-D/Sad/1023_IEO_SAD_MD.flv,Sad
/content/CREMA-D/Sad/1022_DFA_SAD_XX.flv,Sad
/content/CREMA-D/Sad/1029_TIE_SAD_XX.flv,Sad
/content/CREMA-D/Sad/1021_ITH_SAD_XX.flv,Sad
/content/CREMA-D/Sad/1047_WSI_SAD_XX.flv,Sad
/content/CREMA-D/Sad/1026_ITH_SAD_XX.flv,Sad
/content/CREMA-D/Sad/1090_TSI_SAD_XX.flv,Sad
/content/CREMA-D/Sad/1031_IWL_SAD_XX.flv,Sad
/content/CREMA-D/Sad/1068_IEO_SAD_MD.flv,Sad
/content/CREMA-D/Sad/1005_IEO_SAD_LO.flv,Sad
/content/CREMA-D/Sad/1081_MTI_SAD_XX.flv,Sad
/content/CREMA-D/Sad/1047_ITS_SAD_XX.flv,Sad
/content/CREMA-D/Sad/1026_ITS_SAD_XX.flv,Sad
/content/CREMA-D/Sad/1072_IWW_SAD_XX.flv,Sad
/content/CREMA-D/Sad/1058_MTI_SAD_XX.flv,Sad
/content/CREMA-D/Sad/1055_MTI_SAD_XX.flv,Sad
/content/CREMA-D/Sad/1029_IWL_SAD_XX.flv,Sad
/content/CREMA-D/Sad/1072_TSI_SAD_XX.flv,Sad
/content/CREMA-D/Sad/1079_IEO_SAD_LO.flv,Sad
/content/CREMA-D/Sad/1084_IEO_SAD_LO.flv,Sad
/content/CREMA-D/Sad/1028_DFA_SAD_XX.flv,Sad
/content/CREMA-D/Sad/1090_IOM_SAD_XX.flv,Sad
/content/CREMA-D/Sad/1010_MTI_SAD_XX.flv,Sad
/content/CREMA-D/Sad/1024_ITS_SAD_XX.flv,Sad
/content/CREMA-D/Sad/1082_MTI_SAD_XX.flv,Sad
/content/CREMA-D/Sad/1058_IEO_SAD_MD.flv,Sad
/content/CREMA-D/Sad/1066_WSI_SAD_XX.flv,Sad
/content/CREMA-D/Sad/1046_IWW_SAD_XX.flv,Sad
/content/CREMA-D/Sad/1069_ITS_SAD_XX.flv,Sad
/content/CREMA-D/Sad/1085_TAI_SAD_XX.flv,Sad
/content/CREMA-D/Sad/1044_WSI_SAD_XX.flv,Sad
/content/CREMA-D/Sad/1046_TIE_SAD_XX.flv,Sad
/content/CREMA-D/Sad/1081_WSI_SAD_XX.flv,Sad
/content/CREMA-D/Sad/1031_IOM_SAD_XX.flv,Sad
/content/CREMA-D/Sad/1011_IEO_SAD_HI.flv,Sad
/content/CREMA-D/Sad/1051_WSI_SAD_XX.flv,Sad
/content/CREMA-D/Sad/1019_TSI_SAD_XX.flv,Sad
/content/CREMA-D/Sad/1089_IWW_SAD_XX.flv,Sad
/content/CREMA-D/Sad/1073_TAI_SAD_XX.flv,Sad
/content/CREMA-D/Sad/1031_ITS_SAD_XX.flv,Sad
/content/CREMA-D/Sad/1029_ITS_SAD_XX.flv,Sad
/content/CREMA-D/Sad/1013_TSI_SAD_XX.flv,Sad
/content/CREMA-D/Sad/1054_IEO_SAD_MD.flv,Sad
/content/CREMA-D/Sad/1034_ITS_SAD_XX.flv,Sad
/content/CREMA-D/Sad/1009_IOM_SAD_XX.flv,Sad
/content/CREMA-D/Sad/1066_TIE_SAD_XX.flv,Sad
/content/CREMA-D/Sad/1022_IEO_SAD_MD.flv,Sad
/content/CREMA-D/Sad/1032_TIE_SAD_XX.flv,Sad
/content/CREMA-D/Sad/1009_ITS_SAD_XX.flv,Sad
/content/CREMA-D/Sad/1003_TAI_SAD_XX.flv,Sad
/content/CREMA-D/Sad/1055_IEO_SAD_LO.flv,Sad
/content/CREMA-D/Sad/1022_MTI_SAD_XX.flv,Sad
/content/CREMA-D/Sad/1009_DFA_SAD_XX.flv,Sad
/content/CREMA-D/Sad/1087_IEO_SAD_MD.flv,Sad
/content/CREMA-D/Sad/1033_IWL_SAD_XX.flv,Sad
/content/CREMA-D/Sad/1063_MTI_SAD_XX.flv,Sad
/content/CREMA-D/Sad/1022_WSI_SAD_XX.flv,Sad
/content/CREMA-D/Sad/1011_IWW_SAD_XX.flv,Sad
/content/CREMA-D/Sad/1040_IWL_SAD_XX.flv,Sad
/content/CREMA-D/Sad/1039_IOM_SAD_XX.flv,Sad
/content/CREMA-D/Sad/1075_IEO_SAD_LO.flv,Sad
/content/CREMA-D/Sad/1038_ITS_SAD_XX.flv,Sad
/content/CREMA-D/Sad/1030_TSI_SAD_XX.flv,Sad
/content/CREMA-D/Sad/1028_IEO_SAD_LO.flv,Sad
/content/CREMA-D/Sad/1080_IOM_SAD_XX.flv,Sad
/content/CREMA-D/Sad/1064_TSI_SAD_XX.flv,Sad
/content/CREMA-D/Sad/1075_IOM_SAD_XX.flv,Sad
/content/CREMA-D/Sad/1028_TAI_SAD_XX.flv,Sad
/content/CREMA-D/Sad/1010_WSI_SAD_XX.flv,Sad
/content/CREMA-D/Sad/1086_IEO_SAD_HI.flv,Sad
/content/CREMA-D/Sad/1050_ITS_SAD_XX.flv,Sad
/content/CREMA-D/Sad/1082_ITH_SAD_XX.flv,Sad
/content/CREMA-D/Sad/1023_IEO_SAD_HI.flv,Sad
/content/CREMA-D/Sad/1071_IWL_SAD_XX.flv,Sad
/content/CREMA-D/Sad/1048_IEO_SAD_HI.flv,Sad
/content/CREMA-D/Sad/1036_WSI_SAD_XX.flv,Sad
/content/CREMA-D/Sad/1083_IOM_SAD_XX.flv,Sad
/content/CREMA-D/Sad/1026_TIE_SAD_XX.flv,Sad
/content/CREMA-D/Sad/1047_IOM_SAD_XX.flv,Sad
/content/CREMA-D/Sad/1040_WSI_SAD_XX.flv,Sad
/content/CREMA-D/Sad/1040_TSI_SAD_XX.flv,Sad
/content/CREMA-D/Sad/1039_TIE_SAD_XX.flv,Sad
/content/CREMA-D/Sad/1004_IWL_SAD_XX.flv,Sad
/content/CREMA-D/Sad/1048_IEO_SAD_LO.flv,Sad
/content/CREMA-D/Sad/1076_IEO_SAD_MD.flv,Sad
/content/CREMA-D/Sad/1041_IEO_SAD_LO.flv,Sad
/content/CREMA-D/Sad/1064_IEO_SAD_MD.flv,Sad
/content/CREMA-D/Sad/1072_ITS_SAD_XX.flv,Sad
/content/CREMA-D/Sad/1091_WSI_SAD_XX.flv,Sad
/content/CREMA-D/Sad/1040_ITS_SAD_XX.flv,Sad
/content/CREMA-D/Sad/1084_IEO_SAD_HI.flv,Sad
/content/CREMA-D/Sad/1040_IEO_SAD_LO.flv,Sad
/content/CREMA-D/Sad/1040_MTI_SAD_XX.flv,Sad
/content/CREMA-D/Sad/1041_DFA_SAD_XX.flv,Sad
/content/CREMA-D/Sad/1020_TIE_SAD_XX.flv,Sad
/content/CREMA-D/Sad/1047_TAI_SAD_XX.flv,Sad
/content/CREMA-D/Sad/1072_IEO_SAD_LO.flv,Sad
/content/CREMA-D/Sad/1003_IOM_SAD_XX.flv,Sad
/content/CREMA-D/Sad/1045_IWW_SAD_XX.flv,Sad
/content/CREMA-D/Sad/1015_TSI_SAD_XX.flv,Sad
/content/CREMA-D/Sad/1005_TSI_SAD_XX.flv,Sad
/content/CREMA-D/Sad/1024_TSI_SAD_XX.flv,Sad
/content/CREMA-D/Sad/1067_IWL_SAD_XX.flv,Sad
/content/CREMA-D/Sad/1077_ITS_SAD_XX.flv,Sad
/content/CREMA-D/Sad/1085_IWW_SAD_XX.flv,Sad
/content/CREMA-D/Sad/1030_TAI_SAD_XX.flv,Sad
/content/CREMA-D/Sad/1029_IEO_SAD_HI.flv,Sad
/content/CREMA-D/Sad/1081_ITH_SAD_XX.flv,Sad
/content/CREMA-D/Sad/1073_IEO_SAD_HI.flv,Sad
/content/CREMA-D/Sad/1014_IEO_SAD_HI.flv,Sad
/content/CREMA-D/Sad/1083_IEO_SAD_MD.flv,Sad
/content/CREMA-D/Sad/1002_WSI_SAD_XX.flv,Sad
/content/CREMA-D/Sad/1085_TIE_SAD_XX.flv,Sad
/content/CREMA-D/Sad/1040_ITH_SAD_XX.flv,Sad
/content/CREMA-D/Sad/1036_TAI_SAD_XX.flv,Sad
/content/CREMA-D/Sad/1051_IOM_SAD_XX.flv,Sad
/content/CREMA-D/Sad/1058_IEO_SAD_LO.flv,Sad
/content/CREMA-D/Sad/1038_IWL_SAD_XX.flv,Sad
/content/CREMA-D/Sad/1071_TAI_SAD_XX.flv,Sad
/content/CREMA-D/Sad/1066_IEO_SAD_LO.flv,Sad
/content/CREMA-D/Sad/1006_IOM_SAD_XX.flv,Sad
/content/CREMA-D/Sad/1035_IEO_SAD_LO.flv,Sad
/content/CREMA-D/Sad/1030_IWL_SAD_XX.flv,Sad
/content/CREMA-D/Sad/1019_TIE_SAD_XX.flv,Sad
/content/CREMA-D/Sad/1034_TIE_SAD_XX.flv,Sad
/content/CREMA-D/Sad/1059_TIE_SAD_XX.flv,Sad
/content/CREMA-D/Sad/1046_MTI_SAD_XX.flv,Sad
/content/CREMA-D/Sad/1020_IOM_SAD_XX.flv,Sad
/content/CREMA-D/Sad/1020_IWW_SAD_XX.flv,Sad
/content/CREMA-D/Sad/1008_ITS_SAD_XX.flv,Sad
/content/CREMA-D/Sad/1001_MTI_SAD_XX.flv,Sad
/content/CREMA-D/Sad/1056_WSI_SAD_XX.flv,Sad
/content/CREMA-D/Sad/1027_IWL_SAD_XX.flv,Sad
/content/CREMA-D/Sad/1060_TAI_SAD_XX.flv,Sad
/content/CREMA-D/Sad/1032_WSI_SAD_XX.flv,Sad
/content/CREMA-D/Sad/1056_ITS_SAD_XX.flv,Sad
/content/CREMA-D/Sad/1062_WSI_SAD_XX.flv,Sad
/content/CREMA-D/Sad/1074_IEO_SAD_LO.flv,Sad
/content/CREMA-D/Sad/1029_TAI_SAD_XX.flv,Sad
/content/CREMA-D/Sad/1061_IWL_SAD_XX.flv,Sad
/content/CREMA-D/Sad/1009_WSI_SAD_XX.flv,Sad
/content/CREMA-D/Sad/1073_IWL_SAD_XX.flv,Sad
/content/CREMA-D/Sad/1028_IEO_SAD_MD.flv,Sad
/content/CREMA-D/Sad/1075_TAI_SAD_XX.flv,Sad
/content/CREMA-D/Sad/1004_IEO_SAD_MD.flv,Sad
/content/CREMA-D/Sad/1031_TIE_SAD_XX.flv,Sad
/content/CREMA-D/Sad/1014_TIE_SAD_XX.flv,Sad
/content/CREMA-D/Sad/1033_TIE_SAD_XX.flv,Sad
/content/CREMA-D/Sad/1025_IOM_SAD_XX.flv,Sad
/content/CREMA-D/Sad/1033_ITS_SAD_XX.flv,Sad
/content/CREMA-D/Sad/1047_IEO_SAD_LO.flv,Sad
/content/CREMA-D/Sad/1073_DFA_SAD_XX.flv,Sad
/content/CREMA-D/Sad/1027_ITS_SAD_XX.flv,Sad
/content/CREMA-D/Sad/1050_IWW_SAD_XX.flv,Sad
/content/CREMA-D/Sad/1085_WSI_SAD_XX.flv,Sad
/content/CREMA-D/Sad/1015_IOM_SAD_XX.flv,Sad
/content/CREMA-D/Sad/1028_IEO_SAD_HI.flv,Sad
/content/CREMA-D/Sad/1021_IWW_SAD_XX.flv,Sad
/content/CREMA-D/Sad/1049_IOM_SAD_XX.flv,Sad
/content/CREMA-D/Sad/1079_TSI_SAD_XX.flv,Sad
/content/CREMA-D/Sad/1011_ITS_SAD_XX.flv,Sad
/content/CREMA-D/Sad/1086_DFA_SAD_XX.flv,Sad
/content/CREMA-D/Sad/1016_ITH_SAD_XX.flv,Sad
/content/CREMA-D/Sad/1007_ITH_SAD_XX.flv,Sad
/content/CREMA-D/Sad/1073_ITH_SAD_XX.flv,Sad
/content/CREMA-D/Sad/1066_TSI_SAD_XX.flv,Sad
/content/CREMA-D/Sad/1030_MTI_SAD_XX.flv,Sad
/content/CREMA-D/Sad/1037_TAI_SAD_XX.flv,Sad
/content/CREMA-D/Sad/1069_MTI_SAD_XX.flv,Sad
/content/CREMA-D/Sad/1077_DFA_SAD_XX.flv,Sad
/content/CREMA-D/Sad/1091_IEO_SAD_MD.flv,Sad
/content/CREMA-D/Sad/1051_TIE_SAD_XX.flv,Sad
/content/CREMA-D/Sad/1056_IEO_SAD_HI.flv,Sad
/content/CREMA-D/Sad/1028_WSI_SAD_XX.flv,Sad
/content/CREMA-D/Sad/1047_IWL_SAD_XX.flv,Sad
/content/CREMA-D/Sad/1032_IEO_SAD_LO.flv,Sad
/content/CREMA-D/Sad/1014_ITS_SAD_XX.flv,Sad
/content/CREMA-D/Sad/1037_ITS_SAD_XX.flv,Sad
/content/CREMA-D/Sad/1063_IEO_SAD_HI.flv,Sad
/content/CREMA-D/Sad/1034_TAI_SAD_XX.flv,Sad
/content/CREMA-D/Sad/1062_DFA_SAD_XX.flv,Sad
/content/CREMA-D/Sad/1048_ITH_SAD_XX.flv,Sad
/content/CREMA-D/Sad/1089_DFA_SAD_XX.flv,Sad
/content/CREMA-D/Sad/1038_IEO_SAD_LO.flv,Sad
/content/CREMA-D/Sad/1034_IEO_SAD_HI.flv,Sad
/content/CREMA-D/Sad/1089_IEO_SAD_HI.flv,Sad
/content/CREMA-D/Sad/1045_IEO_SAD_LO.flv,Sad
/content/CREMA-D/Sad/1060_MTI_SAD_XX.flv,Sad
/content/CREMA-D/Sad/1029_TSI_SAD_XX.flv,Sad
/content/CREMA-D/Sad/1088_MTI_SAD_XX.flv,Sad
/content/CREMA-D/Sad/1018_WSI_SAD_XX.flv,Sad
/content/CREMA-D/Sad/1001_WSI_SAD_XX.flv,Sad
/content/CREMA-D/Sad/1050_IEO_SAD_MD.flv,Sad
/content/CREMA-D/Sad/1074_IEO_SAD_MD.flv,Sad
/content/CREMA-D/Sad/1064_DFA_SAD_XX.flv,Sad
/content/CREMA-D/Sad/1024_WSI_SAD_XX.flv,Sad
/content/CREMA-D/Sad/1036_IEO_SAD_HI.flv,Sad
/content/CREMA-D/Sad/1084_IWW_SAD_XX.flv,Sad
/content/CREMA-D/Sad/1005_IEO_SAD_HI.flv,Sad
/content/CREMA-D/Sad/1049_MTI_SAD_XX.flv,Sad
/content/CREMA-D/Sad/1060_IWW_SAD_XX.flv,Sad
/content/CREMA-D/Sad/1017_IWW_SAD_XX.flv,Sad
/content/CREMA-D/Sad/1033_MTI_SAD_XX.flv,Sad
/content/CREMA-D/Sad/1015_IWL_SAD_XX.flv,Sad
/content/CREMA-D/Sad/1081_IEO_SAD_LO.flv,Sad
/content/CREMA-D/Sad/1004_TIE_SAD_XX.flv,Sad
/content/CREMA-D/Sad/1045_IWL_SAD_XX.flv,Sad
/content/CREMA-D/Sad/1036_ITH_SAD_XX.flv,Sad
/content/CREMA-D/Sad/1083_MTI_SAD_XX.flv,Sad
/content/CREMA-D/Sad/1085_MTI_SAD_XX.flv,Sad
/content/CREMA-D/Sad/1039_MTI_SAD_XX.flv,Sad
/content/CREMA-D/Sad/1057_WSI_SAD_XX.flv,Sad
/content/CREMA-D/Sad/1055_TIE_SAD_XX.flv,Sad
/content/CREMA-D/Sad/1038_TIE_SAD_XX.flv,Sad
/content/CREMA-D/Sad/1076_IWL_SAD_XX.flv,Sad
/content/CREMA-D/Sad/1080_ITS_SAD_XX.flv,Sad
/content/CREMA-D/Sad/1072_MTI_SAD_XX.flv,Sad
/content/CREMA-D/Sad/1087_ITS_SAD_XX.flv,Sad
/content/CREMA-D/Sad/1035_TAI_SAD_XX.flv,Sad
/content/CREMA-D/Sad/1053_ITS_SAD_XX.flv,Sad
/content/CREMA-D/Sad/1059_IOM_SAD_XX.flv,Sad
/content/CREMA-D/Sad/1059_IEO_SAD_HI.flv,Sad
/content/CREMA-D/Sad/1088_DFA_SAD_XX.flv,Sad
/content/CREMA-D/Sad/1015_ITS_SAD_XX.flv,Sad
/content/CREMA-D/Sad/1086_TAI_SAD_XX.flv,Sad
/content/CREMA-D/Sad/1068_IWW_SAD_XX.flv,Sad
/content/CREMA-D/Sad/1020_IEO_SAD_HI.flv,Sad
/content/CREMA-D/Sad/1025_IEO_SAD_HI.flv,Sad
/content/CREMA-D/Sad/1057_TIE_SAD_XX.flv,Sad
/content/CREMA-D/Sad/1066_IOM_SAD_XX.flv,Sad
/content/CREMA-D/Sad/1005_IWL_SAD_XX.flv,Sad
/content/CREMA-D/Sad/1037_ITH_SAD_XX.flv,Sad
/content/CREMA-D/Sad/1051_IEO_SAD_HI.flv,Sad
/content/CREMA-D/Sad/1076_IOM_SAD_XX.flv,Sad
/content/CREMA-D/Sad/1034_IWW_SAD_XX.flv,Sad
/content/CREMA-D/Sad/1090_IEO_SAD_HI.flv,Sad
/content/CREMA-D/Sad/1037_TSI_SAD_XX.flv,Sad
/content/CREMA-D/Sad/1041_MTI_SAD_XX.flv,Sad
/content/CREMA-D/Sad/1019_TAI_SAD_XX.flv,Sad
/content/CREMA-D/Sad/1062_TIE_SAD_XX.flv,Sad
/content/CREMA-D/Sad/1036_IWL_SAD_XX.flv,Sad
/content/CREMA-D/Sad/1067_ITS_SAD_XX.flv,Sad
/content/CREMA-D/Sad/1067_IWW_SAD_XX.flv,Sad
/content/CREMA-D/Sad/1075_TIE_SAD_XX.flv,Sad
/content/CREMA-D/Sad/1029_ITH_SAD_XX.flv,Sad
/content/CREMA-D/Sad/1072_IWL_SAD_XX.flv,Sad
/content/CREMA-D/Sad/1037_IOM_SAD_XX.flv,Sad
/content/CREMA-D/Sad/1030_IEO_SAD_HI.flv,Sad
/content/CREMA-D/Sad/1035_TIE_SAD_XX.flv,Sad
/content/CREMA-D/Sad/1042_TAI_SAD_XX.flv,Sad
/content/CREMA-D/Sad/1005_MTI_SAD_XX.flv,Sad
/content/CREMA-D/Sad/1023_IEO_SAD_LO.flv,Sad
/content/CREMA-D/Sad/1028_IWL_SAD_XX.flv,Sad
/content/CREMA-D/Sad/1017_ITS_SAD_XX.flv,Sad
/content/CREMA-D/Sad/1057_TAI_SAD_XX.flv,Sad
/content/CREMA-D/Sad/1010_ITH_SAD_XX.flv,Sad
/content/CREMA-D/Sad/1025_MTI_SAD_XX.flv,Sad
/content/CREMA-D/Sad/1021_TSI_SAD_XX.flv,Sad
/content/CREMA-D/Sad/1032_IEO_SAD_MD.flv,Sad
/content/CREMA-D/Sad/1055_IOM_SAD_XX.flv,Sad
